umidade_solo,condutividade_eletrica,temperatura_solo,data
16.858681273506946,1.6577981400639792,21.420111120643643,2023-06-01 00:00:00
17.719614075141564,1.7669174117805744,26.56597610110947,2023-06-01 02:00:00
27.712175208686737,2.3955588472356197,22.676082536078045,2023-06-01 04:00:00
20.437793139422347,1.8191438975568552,25.82767058428975,2023-06-01 06:00:00
14.937358762365317,1.04466228267514,18.259769935515788,2023-06-01 08:00:00
29.707584473318718,0.5630963449794235,25.428976681946267,2023-06-01 10:00:00
10.650983008694116,1.7238074882414618,28.187082883054792,2023-06-01 12:00:00
45.067844001108654,1.206685014524456,23.667212055749918,2023-06-01 14:00:00
49.132246550790754,1.8463773264627406,27.4353390301404,2023-06-01 16:00:00
31.562705649703236,0.7644743873644908,29.312965189249542,2023-06-01 18:00:00
34.66768261024032,2.1115366572057583,20.673939225695744,2023-06-01 20:00:00
24.254445105723565,0.8303738479622769,15.791129388168544,2023-06-01 22:00:00
46.17318473283932,1.8855221125199875,28.81946835392273,2023-06-02 00:00:00
21.780088691425682,1.0439018033793386,23.854183329411732,2023-06-02 02:00:00
29.671827971183504,0.7208201788084578,29.750493400684334,2023-06-02 04:00:00
17.490920646878262,0.8925944444459617,26.47136826764049,2023-06-02 06:00:00
11.919638591533253,2.092724998205502,22.70754138332445,2023-06-02 08:00:00
18.727219308628015,1.628935942156613,23.25613328643092,2023-06-02 10:00:00
45.07853062939589,1.608619082219992,17.16380974402829,2023-06-02 12:00:00
48.65010690612922,1.6103332154904166,20.764496343138212,2023-06-02 14:00:00
30.178776440669477,1.1138641219412937,15.088368429039523,2023-06-02 16:00:00
28.304117865214668,1.2077899159398908,23.324420650508536,2023-06-02 18:00:00
10.145865743756186,1.5721907903775798,20.60994331294051,2023-06-02 20:00:00
21.02780657842382,1.8290614372155378,29.944362597887164,2023-06-02 22:00:00
35.4191272756193,1.1684833695966401,15.52778943446277,2023-06-03 00:00:00
42.01043797935054,2.1418140404948875,26.245635790611196,2023-06-03 02:00:00
16.287209070605172,0.6838820106480603,25.83905639125585,2023-06-03 04:00:00
10.241676259070704,0.6997844689360477,21.933308152973495,2023-06-03 06:00:00
45.55078638234444,1.4804798297701764,28.302347662326262,2023-06-03 08:00:00
18.88300097533942,2.0343781360866373,15.179620409953326,2023-06-03 10:00:00
21.432414589473794,1.4000505890334904,29.156749977888552,2023-06-03 12:00:00
45.529128796297925,1.88080303669995,19.766394040403178,2023-06-03 14:00:00
31.223314601127147,0.6017397153382193,27.115993318088485,2023-06-03 16:00:00
39.55359751163563,2.2859079731580727,19.27761034290804,2023-06-03 18:00:00
23.834658997575353,0.6089936084381806,27.522080563723247,2023-06-03 20:00:00
19.885681452532783,0.7503733591084518,20.330487246282118,2023-06-03 22:00:00
48.34002380905978,2.340102939616415,15.556508978508441,2023-06-04 00:00:00
43.97635197869984,0.6191838063476576,19.473844177573536,2023-06-04 02:00:00
40.63586196929299,1.704568720291595,22.620857574336267,2023-06-04 04:00:00
35.036205577669456,2.189164461633207,24.806193405030996,2023-06-04 06:00:00
24.33650099983307,0.718664860592128,16.348200421284545,2023-06-04 08:00:00
42.88373816611125,0.6045588842203335,16.89152088714756,2023-06-04 10:00:00
41.54924665920099,1.1195076738228764,24.999377970624003,2023-06-04 12:00:00
36.91358624043141,2.3423799027124725,17.710292726930742,2023-06-04 14:00:00
15.440441566655165,1.7556876608702108,16.575820945888854,2023-06-04 16:00:00
21.649355633822246,1.7977448031390741,28.88190959942211,2023-06-04 18:00:00
23.166755276872316,2.4052350329626915,22.872217690638863,2023-06-04 20:00:00
14.20007190081698,1.6337120041741577,21.675153198828436,2023-06-04 22:00:00
37.4418086317659,2.0541096253932327,20.73831213620231,2023-06-05 00:00:00
20.884491956033546,0.9486969837599923,16.140635425408725,2023-06-05 02:00:00
25.938627579799423,0.6138309456766728,22.868155337354338,2023-06-05 04:00:00
40.85262097529082,1.4797786518663214,19.84596270791709,2023-06-05 06:00:00
16.641852493525946,2.1364120726581257,22.99693942315958,2023-06-05 08:00:00
19.571374697715132,2.333877922022998,20.08506347602487,2023-06-05 10:00:00
22.34941407049297,2.2537302984964747,25.48003471701395,2023-06-05 12:00:00
13.310676805317417,0.6458034073026351,23.66466600341785,2023-06-05 14:00:00
39.34583975142855,0.9423985224436313,24.627999688072613,2023-06-05 16:00:00
20.58866829866824,0.7237380977246024,21.604685601636408,2023-06-05 18:00:00
35.6682275084798,1.7941090381597755,15.693112089598383,2023-06-05 20:00:00
19.62993697083851,1.5686035089544226,22.371862677565886,2023-06-05 22:00:00
45.98139077953892,0.6993449074074436,17.83098515187835,2023-06-06 00:00:00
35.391535879145906,1.4045497522941333,22.577388003607744,2023-06-06 02:00:00
25.562635665918087,0.5361787128122248,18.479947532074863,2023-06-06 04:00:00
45.31497539586709,1.8137848941041679,28.699125349608032,2023-06-06 06:00:00
33.22654065738354,2.1097953726435605,16.80179173371402,2023-06-06 08:00:00
21.918048099827764,1.8109743418874147,24.73445111129744,2023-06-06 10:00:00
43.44867706323802,1.6332454863398322,22.125043545551303,2023-06-06 12:00:00
17.371720434436636,0.9877870733536365,17.159732555960243,2023-06-06 14:00:00
25.05891166963469,1.684189442084197,23.827529886572727,2023-06-06 16:00:00
42.214210217229294,1.893285295270738,23.81200434836823,2023-06-06 18:00:00
32.235527301585805,1.565324558596129,28.380102149058033,2023-06-06 20:00:00
23.318849383767457,0.6799550726216601,23.59457245513981,2023-06-06 22:00:00
44.85537027638628,0.9661498967188635,23.843650723503803,2023-06-07 00:00:00
35.030713450837084,1.1554520902659182,17.38424519392477,2023-06-07 02:00:00
49.67679544823539,1.4431325926983805,29.712360609593823,2023-06-07 04:00:00
35.23039965809722,1.1728803236426735,17.95556437744651,2023-06-07 06:00:00
22.622908794781015,0.6458079466041116,27.346157103083108,2023-06-07 08:00:00
11.355218846487878,1.035944077219609,25.322370208734565,2023-06-07 10:00:00
46.35464703397547,1.8361639020297538,18.340932239262905,2023-06-07 12:00:00
32.746534713274926,1.311606683826518,20.492960203830975,2023-06-07 14:00:00
28.963073103358997,1.6283246714880046,16.899913249183808,2023-06-07 16:00:00
15.677942843048282,1.1410537168945825,17.462282069472014,2023-06-07 18:00:00
16.950625906442593,1.670417275413819,22.61467562598248,2023-06-07 20:00:00
40.15517162522276,1.6779358426402426,17.402411576962,2023-06-07 22:00:00
14.718332120943934,1.9748339606816827,19.18446970132038,2023-06-08 00:00:00
41.2105336327911,0.7712473786499447,16.215453074157644,2023-06-08 02:00:00
18.64108679180515,1.3755957573566957,20.954207807357403,2023-06-08 04:00:00
42.355767653332784,2.044671598217029,26.499804384842964,2023-06-08 06:00:00
40.721910991617214,1.2666437439989764,18.061580394865654,2023-06-08 08:00:00
25.182666802794156,0.7235833471811297,23.030727805402996,2023-06-08 10:00:00
35.2365975963384,2.4536393465822233,25.301725962052544,2023-06-08 12:00:00
33.2769986226049,1.1319111756179543,18.312239945811893,2023-06-08 14:00:00
24.019386115615774,2.3230958749974118,27.320480758368937,2023-06-08 16:00:00
25.291865477170425,1.9214325189358512,29.573117161583255,2023-06-08 18:00:00
43.099091826751334,2.016961084238418,27.45922575786964,2023-06-08 20:00:00
12.64354491150796,0.9420243486951885,19.53029419797479,2023-06-08 22:00:00
39.07470552645705,0.6630726287899231,26.580432062397406,2023-06-09 00:00:00
32.03205789011515,0.5499653008907646,16.965017312725244,2023-06-09 02:00:00
39.03777304136554,0.7981438033178063,15.404752575527807,2023-06-09 04:00:00
35.87733944513902,1.841658931839469,20.360912107440104,2023-06-09 06:00:00
19.48306980808865,2.0194806179168348,15.101791785523442,2023-06-09 08:00:00
11.716021536708583,1.7417558977256553,25.190573505059618,2023-06-09 10:00:00
35.17304223794736,2.0571477705775925,26.55320452752598,2023-06-09 12:00:00
25.18085283049023,1.7404471515281363,22.91223789058239,2023-06-09 14:00:00
47.73980820330776,0.8729499893128145,29.455127519537797,2023-06-09 16:00:00
12.174532035638922,2.4684729447137155,29.0546635260113,2023-06-09 18:00:00
10.459535726368049,1.361995987204128,21.285557813545353,2023-06-09 20:00:00
14.01895767750207,1.5922530335838774,21.06986353764968,2023-06-09 22:00:00
27.38077810753653,1.4075205332876943,19.884343901495363,2023-06-10 00:00:00
17.474148836541122,1.050926343822302,18.56430290545828,2023-06-10 02:00:00
48.079261228162615,1.1093595650388326,27.798576958858945,2023-06-10 04:00:00
41.5256601164686,2.380784817777871,23.303223866385494,2023-06-10 06:00:00
32.01708166248426,0.7106853730576272,20.78545851904714,2023-06-10 08:00:00
23.72224546589523,1.937738577079012,27.16323225664746,2023-06-10 10:00:00
17.962480545064974,1.4690841013666176,25.060573387003306,2023-06-10 12:00:00
37.93665599461233,0.842879984345817,19.7346850874247,2023-06-10 14:00:00
27.499656140961754,0.5991237799391722,15.788104912624924,2023-06-10 16:00:00
25.990707426444857,0.5433080013827445,29.09876121936548,2023-06-10 18:00:00
13.684080755901075,0.5797681083656916,29.72101924082201,2023-06-10 20:00:00
19.43007468887416,2.1702149538589426,20.03669172435973,2023-06-10 22:00:00
30.351432151801916,1.7726253409194053,16.53110044184283,2023-06-11 00:00:00
28.475243919943125,1.6471722653513903,19.058892226714264,2023-06-11 02:00:00
39.32981292783688,1.6625974933708525,22.217188656850293,2023-06-11 04:00:00
49.571164482738055,1.9221102463913895,17.482041296441093,2023-06-11 06:00:00
48.43807507371074,1.7602587373990046,21.41891544000751,2023-06-11 08:00:00
19.711202969859272,1.8209754250301586,29.828428535761134,2023-06-11 10:00:00
21.113300179651105,0.5620555750517995,18.42752128422061,2023-06-11 12:00:00
42.46201886873975,1.9742281182874832,19.711359673488865,2023-06-11 14:00:00
14.847159177628676,1.2587415151088286,18.386473350359704,2023-06-11 16:00:00
43.00188996030941,0.9709012683253406,29.02930267511403,2023-06-11 18:00:00
29.82183869525975,1.745360223973657,22.569614588166285,2023-06-11 20:00:00
40.412450871821534,0.9825867093183658,23.848905928487127,2023-06-11 22:00:00
29.37292778854549,0.5034815953309673,26.067138928218853,2023-06-12 00:00:00
31.89129175383637,0.7212103530994334,26.080841869617736,2023-06-12 02:00:00
19.171649363909758,1.4149467403007632,29.111005571330196,2023-06-12 04:00:00
20.46291527212801,1.8895097048851008,28.19965943091467,2023-06-12 06:00:00
37.69381045737145,2.435645794048094,29.74422360522656,2023-06-12 08:00:00
39.03848438894542,1.1050760088862286,28.525120779783208,2023-06-12 10:00:00
27.834338323213515,2.0845507434367674,24.96576434641915,2023-06-12 12:00:00
16.24852241847703,2.188629724229145,28.673399206458008,2023-06-12 14:00:00
15.974027489303918,2.2582759212759687,15.43477690861531,2023-06-12 16:00:00
10.677554918917721,1.033427786630528,15.113546993378648,2023-06-12 18:00:00
49.34677293873157,2.149905099651419,21.4634124716705,2023-06-12 20:00:00
38.29236002161899,1.9625894002866109,26.059460990054554,2023-06-12 22:00:00
45.761003372141346,2.0677117967379166,23.803036068075446,2023-06-13 00:00:00
16.020714928485276,0.8484964096159859,18.371481693429295,2023-06-13 02:00:00
27.178113809182804,2.453407126509207,20.068283964611812,2023-06-13 04:00:00
44.39077393577307,2.3154032180582504,18.602494622119842,2023-06-13 06:00:00
42.62142684052233,1.8676303076766398,17.440972118162758,2023-06-13 08:00:00
41.38298647912346,1.5618045147347637,22.680337578739,2023-06-13 10:00:00
18.006974588788086,2.1312384613073574,24.361209581777395,2023-06-13 12:00:00
46.263167199028715,0.6721075045001732,16.152000067192546,2023-06-13 14:00:00
48.27318535171338,0.8463692662863882,20.78915880250338,2023-06-13 16:00:00
29.64326515005491,1.3992442982382798,28.20435133347367,2023-06-13 18:00:00
16.514405329846436,1.9198783625339046,25.713676955888165,2023-06-13 20:00:00
30.20942286379946,1.6849752570437868,17.237204822831433,2023-06-13 22:00:00
30.10550002070358,2.4448529711746234,20.821961301349834,2023-06-14 00:00:00
44.417459900450275,0.5495090112634176,17.343986187429053,2023-06-14 02:00:00
23.584143855361162,2.4669985286827227,19.17090263247185,2023-06-14 04:00:00
15.91126180596162,1.3849337622543623,26.9304364431997,2023-06-14 06:00:00
38.80375218052892,2.315147791238748,22.44001542189499,2023-06-14 08:00:00
38.30095374709818,0.6344863048075018,21.156959570407764,2023-06-14 10:00:00
26.018106210667973,1.2572915978600234,23.106541079472656,2023-06-14 12:00:00
12.413925546104965,1.4631607484870044,18.8704997033158,2023-06-14 14:00:00
41.58467527245272,2.4980105316755212,15.329038567546737,2023-06-14 16:00:00
17.686958211532406,0.564878206693374,23.727557813735224,2023-06-14 18:00:00
13.297560029063682,2.4640075101288073,26.729527675801492,2023-06-14 20:00:00
45.10376080518811,0.8309337166622468,21.552177825345062,2023-06-14 22:00:00
41.610521833926725,2.076287535829916,16.826170144172764,2023-06-15 00:00:00
44.41502266353689,1.0378889552593185,16.129468384051005,2023-06-15 02:00:00
19.871911954607615,1.843664510606192,20.409842558264344,2023-06-15 04:00:00
17.641757767116033,1.3347681206193178,29.229974694325442,2023-06-15 06:00:00
23.259246065764625,0.7725213872153134,20.434907301335013,2023-06-15 08:00:00
23.377499059060213,1.4724515520924943,15.815403200945292,2023-06-15 10:00:00
27.758970147676038,1.6438715359135365,25.678672164239604,2023-06-15 12:00:00
20.731091541230562,1.5787214265976937,19.32700855884044,2023-06-15 14:00:00
34.50949979225443,1.3427278746007305,21.50518671404833,2023-06-15 16:00:00
48.3737975382967,1.408429455409611,25.743650547058593,2023-06-15 18:00:00
23.737177888436733,1.7643050680445962,24.283905698699126,2023-06-15 20:00:00
26.439332132402775,1.013062627471417,22.8481040937886,2023-06-15 22:00:00
30.871300934286523,1.0434400350571027,23.51712250851109,2023-06-16 00:00:00
35.85093106396073,2.0110110272275694,27.306508739844972,2023-06-16 02:00:00
19.381090916609296,0.5473383061619697,28.764208762011535,2023-06-16 04:00:00
36.964478556138936,0.6971955263898895,19.947631166563543,2023-06-16 06:00:00
36.371969314441614,1.2935394138608602,18.05089774959724,2023-06-16 08:00:00
40.393964427595876,1.6584986997872004,17.66297326218902,2023-06-16 10:00:00
25.483892391482307,1.9224226710114496,24.136809524891223,2023-06-16 12:00:00
14.217844501042908,2.4723120340373423,28.27115503867177,2023-06-16 14:00:00
39.023010554922806,2.156672915061198,18.937951414264962,2023-06-16 16:00:00
36.16741455734073,0.8971896477348151,26.351287028432182,2023-06-16 18:00:00
29.96670419688259,1.718699899615209,19.72989948482213,2023-06-16 20:00:00
38.05338390777353,1.2621686021607612,27.9901991975532,2023-06-16 22:00:00
25.477251706746284,0.7408763154963505,21.293361265263414,2023-06-17 00:00:00
28.369208288767393,2.4264144890659507,19.602711345646867,2023-06-17 02:00:00
49.40727046170062,2.1571398838269586,18.62072724421093,2023-06-17 04:00:00
41.28748992882096,1.1785571585312604,25.175675127874072,2023-06-17 06:00:00
16.69642879684643,1.7958203581262178,24.557924984446537,2023-06-17 08:00:00
29.92397933349386,0.7973672624440524,22.772993936263475,2023-06-17 10:00:00
42.19087245249026,1.0366475306289262,28.932890076476994,2023-06-17 12:00:00
17.48336209902355,1.4267370252325684,22.712879665315462,2023-06-17 14:00:00
39.229290028591855,0.7425410308874301,16.549768562824386,2023-06-17 16:00:00
45.02044497054306,0.5397750906003991,16.753197439564808,2023-06-17 18:00:00
40.33954380213254,0.7844801148331446,25.936602087342607,2023-06-17 20:00:00
31.723157274003057,1.1191189920985862,15.794586632505762,2023-06-17 22:00:00
24.9630648226371,1.7991803009806078,19.566323680997755,2023-06-18 00:00:00
34.84531419528173,0.6932199529528822,15.842920166853672,2023-06-18 02:00:00
39.808838563036346,1.2236024512313297,22.24992287509126,2023-06-18 04:00:00
38.873845965244236,1.470900295101216,19.751316553197235,2023-06-18 06:00:00
18.35953524583637,1.4609394271332143,18.773288523000012,2023-06-18 08:00:00
15.272149062234819,1.5491613372599093,18.93042257135973,2023-06-18 10:00:00
18.617460100612753,0.8225420810661208,21.802084775430696,2023-06-18 12:00:00
29.852191535099294,1.2225357482174342,23.688330052495438,2023-06-18 14:00:00
23.742712816902255,2.2618712614048433,16.354572892162132,2023-06-18 16:00:00
29.860672995493275,0.5889214627469159,23.632517891616686,2023-06-18 18:00:00
29.505306381945875,1.8886005421908267,24.25439976224856,2023-06-18 20:00:00
13.892239923172678,2.1175925436783594,25.18466154415095,2023-06-18 22:00:00
29.438555254273176,1.7836650045142644,15.739763540063594,2023-06-19 00:00:00
33.6987225332399,2.315554397414963,23.162129913505275,2023-06-19 02:00:00
14.098463197887812,1.702966935611331,23.77378292567395,2023-06-19 04:00:00
38.08192147330313,0.9446073721873907,20.576649757464114,2023-06-19 06:00:00
30.725775711372464,1.2346946284111433,17.270254010599963,2023-06-19 08:00:00
24.85337036130707,1.5963536054229874,28.664542098863674,2023-06-19 10:00:00
24.106348302582838,0.9638289442487178,16.74629881309081,2023-06-19 12:00:00
21.304068760310294,2.4807568311633394,25.870482708912853,2023-06-19 14:00:00
22.791479329638676,0.9212939198515342,20.621632216014273,2023-06-19 16:00:00
42.46742608598409,0.8289470156015679,27.83105364105989,2023-06-19 18:00:00
44.96951643269112,2.1473364323127084,27.58749643247665,2023-06-19 20:00:00
31.16425402540832,1.2510195689196857,21.382788248826053,2023-06-19 22:00:00
12.337630988196548,0.6565207480906186,17.17221820071053,2023-06-20 00:00:00
38.93030787351101,2.2466526252693066,24.077840853884386,2023-06-20 02:00:00
22.3598510391353,2.2795670574934803,15.557561877603566,2023-06-20 04:00:00
47.78306531668799,2.017781199071596,15.659320028293884,2023-06-20 06:00:00
16.572775894026435,0.5466303462043445,29.471810155769425,2023-06-20 08:00:00
25.509082191649007,0.7992128352582812,21.494874945372764,2023-06-20 10:00:00
49.42389318844543,1.734878388193376,29.68067568025625,2023-06-20 12:00:00
12.880295491459432,1.7727181500887068,22.57185646157985,2023-06-20 14:00:00
15.845858413515007,0.5879716496411036,20.372202058482653,2023-06-20 16:00:00
32.262691196587554,1.4539414255804755,18.246858724171243,2023-06-20 18:00:00
49.33722356044607,1.9625968370830262,28.747445826198497,2023-06-20 20:00:00
42.37150125480387,2.16601739250533,27.954527742139767,2023-06-20 22:00:00
11.569328130039459,2.4391856889901735,20.021436300603398,2023-06-21 00:00:00
16.95281041094619,1.823479951186885,21.347577026697675,2023-06-21 02:00:00
36.117085543331505,1.237686767726526,24.152932098234682,2023-06-21 04:00:00
46.421689904864984,1.499876298770155,28.785168668856635,2023-06-21 06:00:00
11.300155425879868,2.3847158070362977,29.040571459066427,2023-06-21 08:00:00
22.071358296104002,1.021496778530816,27.49525983317664,2023-06-21 10:00:00
28.793391032955707,2.471753839716628,21.434220305114387,2023-06-21 12:00:00
21.795947913676763,1.91179208085652,23.33076901568281,2023-06-21 14:00:00
46.15152241225191,2.246433079882578,17.093216939108483,2023-06-21 16:00:00
10.80908704697547,2.2737004311082987,29.954011300850333,2023-06-21 18:00:00
47.04053646406324,1.667351468302512,22.205708533514212,2023-06-21 20:00:00
14.053323940289047,0.6888426893765636,28.25953334691464,2023-06-21 22:00:00
26.052324413892226,2.164220254788483,19.88800710857802,2023-06-22 00:00:00
11.76154118192336,0.8508653842139746,27.55445060220162,2023-06-22 02:00:00
49.896845361049245,1.2089056089803139,21.038538054736115,2023-06-22 04:00:00
43.7408762354357,1.3966351231727188,29.318928784467083,2023-06-22 06:00:00
42.64845671671493,1.6400051555889714,22.922003865628362,2023-06-22 08:00:00
20.04730137694281,1.7459810941695029,25.68005669425092,2023-06-22 10:00:00
46.008723013129135,2.248188923879355,22.654446322707848,2023-06-22 12:00:00
37.18515466987836,1.8753851449505123,21.55345586523208,2023-06-22 14:00:00
46.25158406366153,1.1273402684329477,26.84676827367427,2023-06-22 16:00:00
42.91132757341771,1.1665870741972064,19.61466646984694,2023-06-22 18:00:00
26.721557759250235,2.0455599179770836,29.946773988129706,2023-06-22 20:00:00
47.6457025700049,2.211748136351919,25.928087896918814,2023-06-22 22:00:00
12.67012441706154,0.7517698606242269,25.70157537326049,2023-06-23 00:00:00
18.227893414585164,1.3867192425853392,26.750059711624154,2023-06-23 02:00:00
10.019139394173834,1.9962782875260177,20.04147718473622,2023-06-23 04:00:00
30.65433909990796,0.5418715445721802,22.706434967501767,2023-06-23 06:00:00
43.14138028877566,2.0033048168098926,18.67224123310789,2023-06-23 08:00:00
13.551260141264233,1.5413927112467465,19.77734969238461,2023-06-23 10:00:00
41.39191758001469,2.256316143658536,21.03559042916276,2023-06-23 12:00:00
28.474038720779824,2.021361729670706,17.796297981059965,2023-06-23 14:00:00
49.21540464940388,2.1786853620790247,21.322528686424207,2023-06-23 16:00:00
38.232706738036086,0.8978777198113916,21.30238452484809,2023-06-23 18:00:00
42.45352897308541,0.631001596448771,29.565564478440734,2023-06-23 20:00:00
29.560778555696942,1.6224730719240168,20.428149091067105,2023-06-23 22:00:00
15.86130229952401,0.7677254646468639,22.903280033563533,2023-06-24 00:00:00
10.413610756517514,1.1193246715781042,17.86279644637394,2023-06-24 02:00:00
27.80539825069669,0.5655362934425556,27.602216663580194,2023-06-24 04:00:00
17.448964431672746,1.9351427525853673,18.030255267337367,2023-06-24 06:00:00
19.14286406140944,1.9411770409139681,16.743023442997902,2023-06-24 08:00:00
18.23215654549245,2.2545211697368366,15.969021850793757,2023-06-24 10:00:00
18.936665939776013,1.9776647523275197,27.311028394720044,2023-06-24 12:00:00
30.212193280670636,0.5757936926687637,26.842681495812048,2023-06-24 14:00:00
34.45693062480122,1.5453887193246663,19.339069084194897,2023-06-24 16:00:00
49.580295661960754,1.9408445811823798,16.553165782458024,2023-06-24 18:00:00
48.90687741748663,1.8382222492586526,19.588349570464047,2023-06-24 20:00:00
39.98805426455161,1.3696182359039,26.274318956944377,2023-06-24 22:00:00
14.463832523702166,0.9609917579180356,18.983758738497052,2023-06-25 00:00:00
23.031919739660086,2.080989689245353,28.44755276525376,2023-06-25 02:00:00
47.10928215356147,2.49606490839082,21.452016913089462,2023-06-25 04:00:00
28.94298035479697,1.8843685734681617,22.541060778529904,2023-06-25 06:00:00
39.47504935778042,2.3435349673862387,21.841506660198664,2023-06-25 08:00:00
19.376775166181663,1.71014787478379,23.84541840010961,2023-06-25 10:00:00
19.495095665471858,0.8442560148597797,25.54745700178264,2023-06-25 12:00:00
26.671123453101842,0.6287875220061805,16.220190680880027,2023-06-25 14:00:00
22.958987520612514,0.8254159698908121,16.547763737390177,2023-06-25 16:00:00
47.28509459020918,2.4467349467267043,26.070279191167906,2023-06-25 18:00:00
22.61460723629124,1.5768009909372611,19.057862652292744,2023-06-25 20:00:00
20.118890260937604,1.2693210827377672,26.78026319022473,2023-06-25 22:00:00
40.71698727091975,1.3478292923267294,29.75321676868682,2023-06-26 00:00:00
24.215769677350604,1.557838554912027,20.51566234128736,2023-06-26 02:00:00
16.582268367474107,2.326271488679594,20.238422372970938,2023-06-26 04:00:00
45.20416906600864,1.2855339990435053,25.7354580074827,2023-06-26 06:00:00
25.999012767903533,1.5994248957384638,25.133342313266283,2023-06-26 08:00:00
37.65468217308632,1.6497068335978622,20.667290608492287,2023-06-26 10:00:00
23.748060662630674,2.2178033655739595,23.739056783534533,2023-06-26 12:00:00
15.894490731027474,1.3342191251828,18.757149031769593,2023-06-26 14:00:00
25.778497500907704,0.564983092733528,24.91849435183573,2023-06-26 16:00:00
45.483603293511415,2.3106625348759833,26.132334351412297,2023-06-26 18:00:00
21.5548871326027,2.0642005570637627,26.872242317224497,2023-06-26 20:00:00
25.997486882035975,1.6478964612443279,25.009285100571773,2023-06-26 22:00:00
36.90209757425569,2.2264444210511583,15.87585115975051,2023-06-27 00:00:00
20.572303081504653,1.9461555562342032,16.390997170156197,2023-06-27 02:00:00
40.21445664524607,0.9578482528633774,24.614889749581764,2023-06-27 04:00:00
37.89969983046964,1.988302525581224,28.252514587255945,2023-06-27 06:00:00
32.20576871975014,1.702295018559757,21.931012775600728,2023-06-27 08:00:00
20.867217996248122,2.1783497950771933,26.30892515977117,2023-06-27 10:00:00
36.41179963520931,0.7880902705340755,20.734032088149284,2023-06-27 12:00:00
20.501006140173782,2.429313301623047,19.013192847415517,2023-06-27 14:00:00
11.350069797464242,1.617815961947199,28.067709543098424,2023-06-27 16:00:00
14.983953519220034,0.9125381454892638,27.163701595254558,2023-06-27 18:00:00
42.59444034851026,2.2464766830996457,27.89939731327755,2023-06-27 20:00:00
30.875201544626847,2.052915916465303,22.004275052150206,2023-06-27 22:00:00
17.140181025345026,1.1607678712530956,29.321305217928646,2023-06-28 00:00:00
21.29565561770662,2.1731855578072765,18.36921412661944,2023-06-28 02:00:00
10.810233128663796,1.1858775833823845,17.2061787482346,2023-06-28 04:00:00
35.01961064328235,1.8418888673773286,23.082552355726456,2023-06-28 06:00:00
32.9149119574197,2.383298550376273,19.20284217702964,2023-06-28 08:00:00
33.360189212255406,1.1089332255120947,28.116464454656736,2023-06-28 10:00:00
40.83951022982919,0.6565994178281009,22.72661147023877,2023-06-28 12:00:00
18.44770586734894,2.3953084627754633,24.067189322579672,2023-06-28 14:00:00
38.11128715535592,1.4051789479054564,16.891957050512897,2023-06-28 16:00:00
49.78797513557041,1.8052365467529587,26.429152123406517,2023-06-28 18:00:00
12.515139578126796,2.3828388212037814,22.613886529204017,2023-06-28 20:00:00
14.859068107210373,0.7543306268964167,16.769084453567217,2023-06-28 22:00:00
46.664730736474596,2.4031682215461716,19.06598375749607,2023-06-29 00:00:00
39.293872657935694,1.2260279003160628,15.729699520790112,2023-06-29 02:00:00
44.920596906670475,1.3490113448665568,26.55774531976065,2023-06-29 04:00:00
28.130464842348402,1.0957562804060852,22.824550241401454,2023-06-29 06:00:00
47.07213669386296,0.5753797600076931,16.707143350054622,2023-06-29 08:00:00
22.4276085018152,2.2858255071857703,20.256812180830792,2023-06-29 10:00:00
43.686221764069856,1.7186294249008711,19.054025733188375,2023-06-29 12:00:00
37.59405540952359,2.3561517753433803,25.461478812783085,2023-06-29 14:00:00
27.983676513805634,1.376102680929028,16.773002288212556,2023-06-29 16:00:00
15.022653459283962,1.024448637854599,20.044006183405376,2023-06-29 18:00:00
33.88726076216463,0.6940168108812723,24.014413565972248,2023-06-29 20:00:00
29.50262422533853,2.0751148518696585,23.849408223955407,2023-06-29 22:00:00
31.055386931408677,0.8174900177810454,19.455059579012033,2023-06-30 00:00:00
34.73325393936087,1.0491722028284545,27.46431038390199,2023-06-30 02:00:00
26.470316365949692,1.8926489696522597,15.292445598829516,2023-06-30 04:00:00
48.0363385285943,2.4061447537870944,18.90129291297879,2023-06-30 06:00:00
49.53439609497924,1.5822518141501571,20.970154439264054,2023-06-30 08:00:00
35.51466764115175,1.9877201407146265,28.334510377850023,2023-06-30 10:00:00
36.32062782438162,1.8921177018270265,21.94634066486172,2023-06-30 12:00:00
24.55920424484612,1.3620703832882755,20.945575359543433,2023-06-30 14:00:00
44.75249669380458,2.4320708125688215,19.8942135885703,2023-06-30 16:00:00
39.16360434307629,0.8290799889455844,23.167531192160443,2023-06-30 18:00:00
18.18572606885786,2.325670073224628,23.21111851862866,2023-06-30 20:00:00
20.693370316229664,1.6858911664417642,19.520827327941127,2023-06-30 22:00:00
27.491206871369606,1.7670863316135446,12.834448650241217,2023-07-01 00:00:00
45.645638531051354,0.6611603527366765,15.277709154147121,2023-07-01 02:00:00
34.27898282666854,2.190678956183766,15.858750430015283,2023-07-01 04:00:00
42.94231304243943,1.7116768192482517,5.147874339659574,2023-07-01 06:00:00
14.85858194124274,0.6879558662560821,10.59117505738108,2023-07-01 08:00:00
41.888397456652385,2.0493558265518756,7.724635223257818,2023-07-01 10:00:00
46.0421947877254,0.7280783423503845,5.449146251687525,2023-07-01 12:00:00
26.774954498703853,1.958915296635105,10.767520858486222,2023-07-01 14:00:00
27.960654412902677,2.3261282498578364,15.194715535651723,2023-07-01 16:00:00
35.240811120951825,1.4780348332224165,13.303651238964862,2023-07-01 18:00:00
41.62750014502413,0.7489722131014764,12.82997324240089,2023-07-01 20:00:00
10.656822324482555,1.8368646039037406,17.406079356589665,2023-07-01 22:00:00
24.763856228403817,1.919978969047894,13.190698073322897,2023-07-02 00:00:00
17.79325806056155,2.0139898818125523,6.5128015825729095,2023-07-02 02:00:00
31.465435384956727,1.8859119490088079,14.747137003849954,2023-07-02 04:00:00
16.56781099453704,2.3599636517048275,14.131827881259374,2023-07-02 06:00:00
13.728279378116168,1.5218626956160264,16.852769150522235,2023-07-02 08:00:00
11.260505222458374,1.0932072380494788,12.176050846788769,2023-07-02 10:00:00
43.08558986472505,1.411447894705516,16.117203191062387,2023-07-02 12:00:00
45.02372266259164,2.355421798143675,11.766911315147064,2023-07-02 14:00:00
48.66147009271102,0.6085556873455475,12.695378903576987,2023-07-02 16:00:00
18.73572902542536,1.003936910602774,10.629330781744802,2023-07-02 18:00:00
22.9418786933773,1.0942228295140746,12.074154257582705,2023-07-02 20:00:00
16.910157972583054,2.4331618968366,6.7219292876684635,2023-07-02 22:00:00
13.628142472466287,1.5805057901290613,18.972806819095986,2023-07-03 00:00:00
31.606796998936456,1.0049694199896775,18.398134650101404,2023-07-03 02:00:00
26.70609854241322,0.7947148624609539,19.286156309879956,2023-07-03 04:00:00
17.57168603523903,2.113041537634003,12.792268625801952,2023-07-03 06:00:00
46.2788602346783,2.23698434572687,12.256143290867898,2023-07-03 08:00:00
15.174257011465278,1.2187104690517856,18.001509885356953,2023-07-03 10:00:00
34.30875813272682,1.8301455874687316,5.566765831231175,2023-07-03 12:00:00
26.81396044708741,2.344602831871205,15.37715892861551,2023-07-03 14:00:00
36.69646769219179,1.7682148928879302,7.9490457950789075,2023-07-03 16:00:00
42.146629161908486,0.8439945507238034,13.214709684538484,2023-07-03 18:00:00
48.31181018432697,1.1027185802668025,17.742755998868923,2023-07-03 20:00:00
46.704226131317824,2.308948957327044,11.924659842469152,2023-07-03 22:00:00
10.408648278518742,0.9911070391783598,12.429740408871053,2023-07-04 00:00:00
35.35785864222959,0.6654330497460206,12.046459153565426,2023-07-04 02:00:00
44.496474208695936,2.3255115073082306,10.874914087009834,2023-07-04 04:00:00
29.865107326728577,1.859400204331028,8.114350807218457,2023-07-04 06:00:00
12.63894664458746,1.700801323915961,18.88854871377177,2023-07-04 08:00:00
42.81584017320397,1.2625150293295901,11.966549516779027,2023-07-04 10:00:00
29.47847806731886,2.0655168363824292,7.6975298386808575,2023-07-04 12:00:00
18.482515800295587,1.04769663544486,10.127734493996027,2023-07-04 14:00:00
14.01592350461398,0.5018790905695725,13.277521041978789,2023-07-04 16:00:00
21.764680677463634,1.395971566325975,12.559473659579691,2023-07-04 18:00:00
41.141100541809564,1.5041214557142946,5.749126107754102,2023-07-04 20:00:00
16.62499053821918,1.5218971094004285,7.308381627725431,2023-07-04 22:00:00
27.37965337325837,1.878724380681945,16.756413013720852,2023-07-05 00:00:00
27.39825542288441,1.607826458749692,9.825597659031995,2023-07-05 02:00:00
21.270540169412676,0.5901534485687625,14.020416707534556,2023-07-05 04:00:00
20.16860147852908,0.7947878778220134,10.685655132841852,2023-07-05 06:00:00
11.645590753235284,2.3708693832661814,11.191921538813514,2023-07-05 08:00:00
12.483823133958193,2.35055764494913,11.728467000609497,2023-07-05 10:00:00
13.891711629050455,0.9709782919949985,19.358747931414804,2023-07-05 12:00:00
49.87736073838232,1.6844782008172692,18.08744629744764,2023-07-05 14:00:00
16.618911149805005,0.5808912705589537,5.252500983302139,2023-07-05 16:00:00
11.658315117029563,1.1220724872570698,17.746157868137388,2023-07-05 18:00:00
43.0327236211377,1.4010486511181297,16.33200319076531,2023-07-05 20:00:00
14.885358072692267,1.933843682636886,19.434532471575288,2023-07-05 22:00:00
44.864572970926204,0.6537381216838007,6.877544510902039,2023-07-06 00:00:00
31.682372973453,1.2518889850397061,8.135555790753688,2023-07-06 02:00:00
36.316428819893346,1.9194924902610155,8.631979193375319,2023-07-06 04:00:00
12.756638542859925,1.69662683195429,12.606649649990104,2023-07-06 06:00:00
44.78895261123119,1.2898862291206639,5.042370759689575,2023-07-06 08:00:00
30.191256466858537,1.4279186880726327,12.554641991680787,2023-07-06 10:00:00
32.58844186615072,0.7089230750381499,18.115096268557345,2023-07-06 12:00:00
12.495794368901239,0.7283160729947711,17.413365186740304,2023-07-06 14:00:00
44.30853152032277,1.6014754744378434,11.9059323470741,2023-07-06 16:00:00
30.44866798895264,1.1399727917236486,10.351431572121705,2023-07-06 18:00:00
40.59805121606657,1.30361818319637,10.376683505078162,2023-07-06 20:00:00
34.35164405891252,1.096120349954431,7.43824312350599,2023-07-06 22:00:00
33.09993795182226,1.4314257096039311,9.76198930316471,2023-07-07 00:00:00
26.42553812994439,2.0671922555575613,8.409711617850874,2023-07-07 02:00:00
25.857974928926858,1.6178991602552855,11.613125478287614,2023-07-07 04:00:00
18.44756449495435,0.5510723177475114,8.429093937610483,2023-07-07 06:00:00
28.06101033279262,1.3433680685485991,19.326102198769433,2023-07-07 08:00:00
31.303368119614166,1.6175916023484225,19.81433524137143,2023-07-07 10:00:00
46.48505250345339,0.8101616894809809,12.12178658685768,2023-07-07 12:00:00
29.55059954756816,1.0680540413596593,16.735799635223337,2023-07-07 14:00:00
23.726133539445414,1.352703510065045,18.58626111360215,2023-07-07 16:00:00
40.13551898166391,2.4491312008236994,19.832782055345298,2023-07-07 18:00:00
49.42305007690947,1.6685782391385882,6.7243459975003095,2023-07-07 20:00:00
49.99310421069821,1.7193991275740055,8.030677606439273,2023-07-07 22:00:00
32.2866672952518,1.0572673801778902,19.232982674074716,2023-07-08 00:00:00
45.68758473680731,2.4643831671716416,17.224622651599674,2023-07-08 02:00:00
14.361551279523898,0.8663722693822098,7.4322637980456365,2023-07-08 04:00:00
15.400211353313779,2.46066547356564,16.083259490352873,2023-07-08 06:00:00
42.18953266230126,2.4008220974293355,18.302739280380752,2023-07-08 08:00:00
31.603912226415343,1.3417948037947218,16.60008970930569,2023-07-08 10:00:00
13.996375713092583,1.0100637808122537,6.340369521603629,2023-07-08 12:00:00
41.90139151861094,1.3729112111260469,16.62012615627185,2023-07-08 14:00:00
42.92815979498832,1.6729745029657912,15.851994420999755,2023-07-08 16:00:00
16.826315351171512,2.025007488996766,9.2691394166309,2023-07-08 18:00:00
32.05717369499666,0.8675641227444997,6.865535594199021,2023-07-08 20:00:00
13.991467342893475,1.0261064182978048,13.532795125790361,2023-07-08 22:00:00
47.19692077238656,1.2771330863359853,14.269769889962975,2023-07-09 00:00:00
17.662781890357863,1.1828022530763922,7.734126329805134,2023-07-09 02:00:00
22.3922159383241,1.4017358960065325,9.796944066732827,2023-07-09 04:00:00
28.962161852543847,0.5836537454823483,10.420219803507196,2023-07-09 06:00:00
38.51799810303852,2.311202769659042,10.828473978990846,2023-07-09 08:00:00
41.48373675348266,1.930870275497105,19.777663993696002,2023-07-09 10:00:00
11.026626917108825,0.9554580306467104,10.928814273398542,2023-07-09 12:00:00
19.24349342612624,0.5681092889102457,14.45942006533536,2023-07-09 14:00:00
23.19966441536609,0.5766783178639863,8.607725438982055,2023-07-09 16:00:00
41.59246351617739,1.7137742142381365,11.947306178198723,2023-07-09 18:00:00
32.39000551826523,0.82640576075265,17.12008430671098,2023-07-09 20:00:00
31.229321747262084,2.0515957871229604,15.318446176011175,2023-07-09 22:00:00
33.756727076954036,2.439402767656179,7.807747029241789,2023-07-10 00:00:00
38.20342455742286,0.7162993399152109,13.527844919778135,2023-07-10 02:00:00
13.223813311990993,2.4962549471282953,7.310162684099337,2023-07-10 04:00:00
32.22481389357145,1.9964755812971977,15.512080555850007,2023-07-10 06:00:00
24.575822919979906,1.4360234422549387,5.102531247690149,2023-07-10 08:00:00
12.249007593640734,1.083805113011812,12.591109382275773,2023-07-10 10:00:00
21.654727357830517,2.117040842008266,13.45470664403285,2023-07-10 12:00:00
41.176472130654126,2.1731662250338886,12.398986994524801,2023-07-10 14:00:00
12.689382309864193,1.9574600654683223,18.541580505104296,2023-07-10 16:00:00
39.03190997579376,2.1106836835908247,10.374415905907952,2023-07-10 18:00:00
39.10242677588076,2.2022758208187883,9.503326534397438,2023-07-10 20:00:00
21.695418576871432,2.3658131549385946,6.203998055938602,2023-07-10 22:00:00
31.259715433563507,0.8900330086081942,12.251606933005217,2023-07-11 00:00:00
41.27236399390498,2.361587559194232,14.034535711321293,2023-07-11 02:00:00
11.587338657150529,1.1312454579251534,11.371650029272534,2023-07-11 04:00:00
45.460855243181506,0.5349796036570853,16.507677438267237,2023-07-11 06:00:00
32.473157210298105,2.0574180213167486,9.901160722540325,2023-07-11 08:00:00
45.619048170190915,2.1927727582200554,7.921588798223312,2023-07-11 10:00:00
29.404411275505108,2.4880813733814646,5.484529306435542,2023-07-11 12:00:00
22.129102416361093,1.28944884663528,17.823030437199343,2023-07-11 14:00:00
45.61707635636829,2.333158862957686,8.246656651096824,2023-07-11 16:00:00
28.6043502491629,0.9625527785214305,8.018745835719903,2023-07-11 18:00:00
47.409599805784225,0.7403785517907193,13.046191581226784,2023-07-11 20:00:00
32.778079049353124,2.2901660581551053,15.941472581721683,2023-07-11 22:00:00
13.839875237370398,1.0464010400725379,17.612774369713613,2023-07-12 00:00:00
40.89209391934031,0.7200762780601575,13.244184244997657,2023-07-12 02:00:00
32.46159465403488,1.0575964333471712,17.537569064283144,2023-07-12 04:00:00
13.931666530422673,1.2882121425484696,11.452578392432478,2023-07-12 06:00:00
23.656207655404046,0.9975553022643018,5.190610247855126,2023-07-12 08:00:00
41.56109629682595,1.9673259250286306,14.73345884181094,2023-07-12 10:00:00
49.7660185462516,0.6537913776851918,7.4457023850198985,2023-07-12 12:00:00
45.842678404034125,0.8127238826686505,16.464063371066374,2023-07-12 14:00:00
