estacao_precipitacao,estagio_cultura
0.7434609676777029,Vegetativo
0.5610462152040454,Colheita
0.6782003268352743,Vegetativo
0.5193842118002895,Vegetativo
0.509320033771638,Vegetativo
0.7110181979398504,Colheita
0.15651335618382922,Vegetativo
0.4040334394680447,Floração
0.6141363847824833,Colheita
0.38427796806502823,Vegetativo
0.976297088374201,Floração
0.4943763716895647,Colheita
0.07062547194468327,Vegetativo
0.2653852067646406,Floração
0.8109999714439422,Vegetativo
0.2431660731626426,Floração
0.8932299105860689,Colheita
0.9421104349720838,Colheita
0.12511600359906216,Vegetativo
0.8177462771114293,Floração
0.5189530722245878,Vegetativo
0.1396713581623461,Floração
0.04557888888552597,Colheita
0.6532721750769092,Floração
0.5717844335845822,Vegetativo
0.6397422442322221,Vegetativo
0.5487673941927707,Colheita
0.29685235907106566,Colheita
0.5182920301006411,Vegetativo
0.10504210851366713,Colheita
0.4190806586624908,Floração
0.7476057552852848,Floração
0.1113653311709274,Colheita
0.45602717212594557,Floração
0.32753432784721837,Colheita
0.26906191633782095,Vegetativo
0.1012323947698599,Floração
0.4354318346808087,Floração
0.9415175981334335,Floração
0.05779019060308965,Vegetativo
0.3571100888923697,Vegetativo
0.8269765825521256,Vegetativo
0.22503585743733634,Colheita
0.946238475562167,Vegetativo
0.7811637411383576,Colheita
0.3310220760227053,Vegetativo
0.07338123961484433,Floração
0.3805673956374085,Colheita
0.5540720376781567,Vegetativo
0.8296515646479361,Colheita
0.34127316628136883,Vegetativo
0.7488288530049223,Vegetativo
0.7113662009624286,Vegetativo
0.8804296430540643,Floração
0.017600547945950118,Vegetativo
0.24161526119902177,Vegetativo
0.4091338181445493,Colheita
0.7844780655146573,Floração
0.43069542961585017,Floração
0.11324833857640482,Floração
0.3928305882391363,Vegetativo
0.6114733067748819,Vegetativo
0.2099416443091695,Floração
0.5509124229868273,Floração
0.04065192206917323,Colheita
0.859455934667447,Colheita
0.6119602374248783,Colheita
0.4789159642753398,Floração
0.292801081150022,Vegetativo
0.6070440328411797,Colheita
0.06666735963956516,Floração
0.9320849996774101,Colheita
0.5937477528648762,Colheita
0.9765137347451961,Floração
0.2801657094298662,Vegetativo
0.2347839725263423,Vegetativo
0.588909918829129,Floração
0.15710074218004855,Vegetativo
0.4319941709032661,Colheita
0.873942635435291,Vegetativo
0.49918761333149897,Floração
0.19963093039734736,Colheita
0.4151736817804771,Vegetativo
0.9425322171432163,Floração
0.056020472853961056,Floração
0.5735271017028052,Floração
0.21277380293472892,Floração
0.05168051845554866,Floração
0.8126319432544445,Vegetativo
0.4426658205505186,Colheita
0.7853548988666226,Colheita
0.8511557505955981,Vegetativo
0.8156287449907003,Colheita
0.1333372746963314,Colheita
0.5066212988552137,Floração
0.3738792163646081,Vegetativo
0.0019997726782109426,Colheita
0.4462420843601964,Vegetativo
0.9165778095238952,Vegetativo
0.5013151917532942,Colheita
0.9231463816165556,Floração
0.5766748828165057,Floração
0.1957472779379088,Colheita
0.2045105082080717,Floração
0.6037572369974661,Vegetativo
0.5419154041181594,Colheita
0.8095422143657006,Vegetativo
0.9467080459031624,Colheita
0.7808003831048457,Colheita
0.0940684446867257,Floração
0.6198326382235021,Colheita
0.4912491482350555,Colheita
0.2283534319091357,Floração
0.22183572652599548,Vegetativo
0.2613910639963217,Colheita
0.524850070676565,Vegetativo
0.17359863944852283,Vegetativo
0.9882786745163461,Floração
0.3818617711863368,Vegetativo
0.9394649566961519,Floração
0.6826109924339091,Floração
0.22281693751180287,Colheita
0.7624573705503639,Floração
0.5454322920114066,Floração
0.1313989846380509,Floração
0.6065980123600193,Colheita
0.37153791336597175,Vegetativo
0.2979235852027966,Vegetativo
0.32024634425588316,Floração
0.5588544656497281,Colheita
0.04477880721143912,Colheita
0.8776595087585249,Floração
0.5884243533577999,Vegetativo
0.457315719552045,Floração
0.47572973014053455,Floração
0.3222904368824697,Floração
0.49590611260352957,Vegetativo
0.008134708430224236,Colheita
0.6595957213813792,Floração
0.9700823718208703,Vegetativo
0.08746006110968585,Floração
0.9284854003968982,Colheita
0.10685678501698759,Colheita
0.4330053036481938,Vegetativo
0.28909267741178235,Floração
0.9887338185684053,Floração
0.6074858768585003,Floração
0.2529432705589907,Vegetativo
0.27975500486529425,Vegetativo
0.4267316570201283,Floração
0.9802095776469372,Floração
0.11838045997689406,Vegetativo
0.04730608884776055,Colheita
0.6540222853327671,Vegetativo
0.022802633387165927,Vegetativo
0.8571241597681782,Floração
0.7645615983735203,Floração
0.4427454141487316,Floração
0.4271086296380022,Colheita
0.00539086517416032,Vegetativo
0.4558417299466204,Floração
0.25777018901369975,Colheita
0.4950582112289168,Floração
0.7240839398543801,Floração
0.5830400379140868,Floração
0.5969106350864609,Floração
0.6595144619225203,Colheita
0.7967636361650253,Colheita
0.5375929396847441,Colheita
0.7642097441096276,Vegetativo
0.8466077079121438,Floração
0.2762059394812606,Floração
0.8223248917215507,Colheita
0.9733641860149305,Floração
0.16493503917526764,Colheita
0.00041183608004169425,Vegetativo
0.8759613235780115,Vegetativo
0.0016152905613738833,Vegetativo
0.3780080821621995,Vegetativo
0.2625954108647609,Colheita
0.26539621521747647,Vegetativo
0.09378621998213166,Colheita
0.8977196119693815,Floração
0.7372151557513108,Vegetativo
0.3771814697180613,Colheita
0.5406468516801213,Colheita
0.4814117494758263,Colheita
0.5949844895141551,Vegetativo
0.04792169269292512,Colheita
0.26585488149299386,Floração
0.5382131478333283,Floração
0.07344503270545477,Floração
0.5684569525634037,Floração
0.5466158075312307,Vegetativo
0.6779393160575623,Colheita
0.47345062751884415,Vegetativo
0.7528320042433276,Floração
0.10194479000029877,Colheita
0.2991359043993861,Colheita
0.12059135373203456,Vegetativo
0.24413453598038393,Vegetativo
0.5490834887791746,Vegetativo
0.46079627204948215,Floração
0.384519879772079,Vegetativo
0.659245487556912,Vegetativo
0.8106035577299359,Colheita
0.0553331710486179,Colheita
0.9052587838233427,Colheita
0.24636762070459683,Floração
0.5421994195333653,Floração
0.3657680753332254,Colheita
0.6210783202031475,Vegetativo
0.0713848124840415,Colheita
0.48287909009979124,Vegetativo
0.42874120074521926,Vegetativo
0.8332004502713702,Colheita
0.2456649017478456,Vegetativo
0.8681613531235105,Colheita
0.004035982451668141,Colheita
0.26504886678757456,Vegetativo
0.18727917101246339,Vegetativo
0.01540402750981218,Floração
0.23729300849151025,Floração
0.8334627403257847,Colheita
0.6679114905594831,Colheita
0.33817718502407124,Vegetativo
0.35687665296193305,Colheita
0.5799403145041596,Colheita
0.8786017506544257,Vegetativo
0.11606714974241406,Colheita
0.6231163946611974,Floração
0.8643438076702247,Floração
0.06931027932373635,Floração
0.7873730391704101,Colheita
0.30822994599691456,Floração
0.7502784266151106,Vegetativo
0.09480516414801743,Colheita
0.8421379355501831,Vegetativo
0.18527553109075,Floração
0.5671412975949904,Colheita
0.5909425472605025,Colheita
0.26227613389230786,Vegetativo
0.30977935729847184,Colheita
0.5346207524529596,Vegetativo
0.0410392529023218,Vegetativo
0.7647545931474395,Colheita
0.14213052334803444,Floração
0.6642262132591136,Colheita
0.23587567807169108,Floração
0.5028063779066839,Colheita
0.7264001656243838,Floração
0.9014319456488749,Floração
0.47625449992461244,Colheita
0.1624201675314223,Vegetativo
0.3073903844391359,Vegetativo
0.02526841704859928,Vegetativo
0.2363852397912789,Colheita
0.8807574255305547,Colheita
0.3584076113575003,Floração
0.9552069907412604,Colheita
0.9641191963785267,Colheita
0.8642427240776422,Vegetativo
0.13204996054339968,Vegetativo
0.7194546054840429,Colheita
0.9295312471298587,Vegetativo
0.2538750610106355,Vegetativo
0.8919720652527036,Colheita
0.05166163975270921,Floração
0.25862418305004364,Vegetativo
0.7032681486680399,Colheita
0.48641750955649854,Colheita
0.15045967410082317,Colheita
0.5364075164708082,Vegetativo
0.13877214554173312,Vegetativo
0.8222425192697687,Colheita
0.7819472490895956,Colheita
0.5863542100747223,Vegetativo
0.004214702131427606,Floração
0.6805465024283562,Vegetativo
0.5088926664224551,Colheita
0.9694779284170516,Floração
0.8870837241354493,Floração
0.14690334583343856,Vegetativo
0.20387668735190645,Vegetativo
0.9503397914235718,Colheita
0.5013809378644306,Colheita
0.3541939089185453,Colheita
0.5258289552191263,Floração
0.9062155687109151,Vegetativo
0.9284534256319464,Colheita
0.8115499046595347,Floração
0.580839510032163,Vegetativo
0.6106721812538106,Floração
0.9175617691610233,Vegetativo
0.6876519947305468,Floração
0.2880395419716345,Vegetativo
0.6697443590971989,Floração
0.3904156491186933,Floração
0.39307036624244707,Vegetativo
0.7178725659696346,Colheita
0.012620146253808473,Colheita
0.8747023113291857,Floração
0.4482499610064361,Colheita
0.28392785718494995,Colheita
0.31287813174567336,Colheita
0.951640317134755,Vegetativo
0.08871167122710177,Floração
0.9479737170006529,Floração
0.1449771880561922,Floração
0.6024394384544801,Colheita
0.8049805700622115,Floração
0.4758277778536869,Colheita
0.1315151911984006,Vegetativo
0.8774346292300179,Vegetativo
0.6932934858038552,Colheita
0.16075134160554327,Floração
0.00793895435314207,Colheita
0.8757126097121098,Colheita
0.6328044856755524,Vegetativo
0.07099828480718628,Vegetativo
0.5063909583110208,Floração
0.11368892009671216,Vegetativo
0.8482836877122683,Floração
0.038636488054566875,Vegetativo
0.07686926255328352,Floração
0.6182126850234682,Vegetativo
0.6266337316190911,Floração
0.5318513244829338,Floração
0.6260920217988155,Colheita
0.484866443323563,Floração
0.08394249002155973,Colheita
0.23276146136090936,Floração
0.22808171394298404,Floração
0.5495070261882758,Colheita
0.27707672676383543,Floração
0.10727803048370677,Vegetativo
0.7573402043189471,Floração
0.9627409648563932,Floração
0.16756906009680628,Floração
0.84541556285377,Floração
0.3033508833727615,Colheita
0.5822192176829399,Floração
0.15297048179948047,Colheita
0.6311201458395473,Vegetativo
0.22099443536012364,Floração
0.9351019179559702,Vegetativo
0.2626042650377025,Vegetativo
0.1487830575105571,Floração
0.47647213178289094,Colheita
0.252324005241761,Colheita
0.8458304308363155,Vegetativo
0.4934408205382729,Floração
0.10829693077827784,Vegetativo
0.36260495721688646,Colheita
0.22758033865059935,Vegetativo
0.7955952975289777,Floração
0.4172786160716462,Colheita
0.7253863970155332,Colheita
0.18853093449741665,Vegetativo
0.6772109525814761,Floração
0.9579535856123282,Vegetativo
0.5530627462832637,Floração
0.7493700871935265,Vegetativo
0.7837288124391151,Vegetativo
0.28336600701063164,Floração
0.796243671411982,Floração
0.33682973872676747,Vegetativo
0.39969844252682063,Vegetativo
0.9399865774209121,Vegetativo
0.8701820215522902,Floração
0.584006579127925,Floração
0.32842816032699196,Vegetativo
0.703670273732371,Vegetativo
0.8522810152900616,Floração
0.8441417452895741,Floração
0.11861859202601033,Floração
0.39472132782415525,Floração
0.31922430386176714,Vegetativo
0.09051706416333105,Colheita
0.6193111977114558,Floração
0.7168912073548451,Floração
0.7259042220031777,Colheita
0.5030181822407824,Colheita
0.8384070604484204,Colheita
0.6091232533579581,Vegetativo
0.8735762376744831,Colheita
0.4616703363203436,Vegetativo
0.6348458511678999,Colheita
0.11411614476914733,Colheita
0.926610941651588,Vegetativo
0.767448627216393,Floração
0.060148558508050454,Vegetativo
0.22166112893954748,Floração
0.7629790308480902,Floração
0.5985433163804281,Floração
0.5246864400155468,Colheita
0.2810877187256692,Floração
0.9786703426313144,Vegetativo
0.3828398430167843,Colheita
0.6488053370449574,Vegetativo
0.6630407802302996,Colheita
0.643742521398141,Colheita
0.7581631185372525,Colheita
0.7557106441902918,Vegetativo
0.2809101119497709,Vegetativo
0.26942934918814443,Colheita
0.27815210295917514,Vegetativo
0.6912303110348939,Colheita
0.8491466025103694,Floração
0.04692016237898322,Floração
0.06135808783561436,Colheita
0.28996129542386617,Vegetativo
0.8250697279079834,Vegetativo
0.7313995407609027,Colheita
0.2517529668699975,Colheita
0.9514191803311977,Floração
0.8342045475007647,Floração
0.7816989766891368,Floração
0.7299090135289152,Colheita
0.3235236258159123,Floração
0.9232740810451843,Colheita
0.20741480045057503,Floração
0.834356669422603,Colheita
0.22853423359410208,Colheita
0.6008457335583816,Vegetativo
0.6187716421483496,Colheita
0.3376545398097923,Vegetativo
0.06223227786004082,Colheita
0.5351494840510188,Floração
0.9334117412518176,Floração
0.2647991931341781,Colheita
0.06534525598328433,Floração
0.7730511575200447,Vegetativo
0.23783400974588143,Floração
0.5610480979069512,Floração
0.02355304893364929,Vegetativo
0.7846562469086693,Vegetativo
0.48041977930415236,Vegetativo
0.15357008167539932,Colheita
0.4655514052936057,Floração
0.6631038001731462,Floração
0.8022320839756328,Floração
0.00019173363087154893,Vegetativo
0.46047394389148977,Colheita
0.5412425450782975,Colheita
0.493947867646755,Colheita
0.9590006653053846,Floração
0.5709806413283672,Floração
0.5393107257442068,Floração
0.24594109763532168,Floração
0.4767874938496456,Colheita
0.27941693655993993,Floração
0.25539772574008435,Floração
0.17749389266868942,Colheita
0.2846586531205507,Vegetativo
0.06145785945077531,Vegetativo
0.4351908159906539,Floração
0.564931572731398,Floração
0.6372807212692582,Colheita
0.7532909166493839,Colheita
0.5921868983455861,Vegetativo
0.7175391561918513,Floração
0.2813393440445502,Vegetativo
0.7496962500470084,Vegetativo
0.9248893452100784,Vegetativo
0.15855771929612517,Vegetativo
0.1035295858487123,Floração
0.6477153317897485,Vegetativo
0.18541091371862284,Vegetativo
0.4137656441960531,Colheita
0.8270238637993803,Floração
0.3804395147188304,Colheita
0.22381801083654773,Vegetativo
0.6933762140906528,Colheita
0.7532022775762408,Floração
0.8178561025436097,Colheita
0.547465581548495,Colheita
0.0545281697407457,Floração
0.9308053261505262,Floração
0.4163140971646426,Vegetativo
0.807997104722454,Floração
0.8808805454089758,Colheita
0.5152820813927023,Colheita
0.8875062890317105,Floração
0.8419140087436788,Colheita
0.6046480320138556,Colheita
0.4446745875255721,Vegetativo
0.1549336476550981,Colheita
0.15243202337513662,Vegetativo
0.36212986652771606,Floração
0.18727956109793775,Colheita
0.42372309757947635,Floração
0.3525597020962161,Vegetativo
0.10593030655552649,Floração
0.2376624887383666,Vegetativo
0.06897657957624825,Vegetativo
0.1294901253807471,Floração
0.2390087009051176,Floração
0.8531172052141061,Floração
0.9160421167216314,Floração
0.16900844302821227,Colheita
0.4372401881583289,Vegetativo
0.3195651112666238,Colheita
0.3295818711669599,Vegetativo
0.0774729875895509,Floração
0.14293149023147578,Colheita
0.2020058622954526,Vegetativo
0.23594499515084966,Floração
0.19496158779815176,Floração
0.6656169295324069,Colheita
0.948333071284849,Floração
0.9750838346606161,Floração
0.000493135636035702,Colheita
0.49369758325601687,Vegetativo
0.5735696641256525,Vegetativo
0.324921634974927,Colheita
0.055650295509739545,Colheita
0.41184732289206927,Vegetativo
0.22363457259057695,Vegetativo
0.31813557933848724,Vegetativo
0.9881958245218448,Vegetativo
0.6308309027538934,Vegetativo
0.5837466779601851,Colheita
0.015501572523932805,Colheita
0.5137050177179167,Floração
0.7970640754825604,Floração
0.8272119731297285,Vegetativo
0.6893142519934623,Vegetativo
0.3137134044722699,Vegetativo
0.4295437841867884,Floração
0.4306158063730381,Vegetativo
0.13459667477236503,Colheita
0.768525842135716,Floração
0.5530724850482673,Vegetativo
0.5782385023867688,Vegetativo
0.08720264075438455,Vegetativo
0.18168867564902802,Colheita
0.38158704320745074,Vegetativo
0.4493941604476227,Vegetativo
0.10447531820179412,Colheita
0.03220035054833725,Vegetativo
0.7814013846487176,Colheita
0.3706683505603525,Colheita
0.6893595781116798,Colheita
0.03436592838291308,Floração
0.5314770117178238,Floração
0.1432636326639105,Floração
0.5086664814513903,Vegetativo
0.10001234307505946,Vegetativo
0.8071468718669692,Colheita
0.5277621745258162,Floração
0.3175067225865781,Vegetativo
0.8370736215071438,Colheita
0.4799447918843276,Floração
0.24298929394581392,Floração
0.9620814425682572,Colheita
0.1361055900829078,Floração
0.11290891717467355,Floração
0.011944680222968018,Floração
0.7823416193268736,Vegetativo
0.2530927705469429,Vegetativo
0.019245511863143272,Colheita
0.048399378565439966,Colheita
0.5066251445437528,Colheita
0.2808345609190791,Colheita
0.8746946436714713,Vegetativo
0.07667780368491017,Vegetativo
0.42315417506311426,Vegetativo
0.27213223984956736,Floração
0.9512498916268135,Vegetativo
0.6190394526746548,Floração
0.9836007974158792,Floração
0.837490904447313,Vegetativo
0.38866386706277467,Colheita
0.7942029871668395,Floração
0.9143524670333465,Floração
0.9993553029226039,Colheita
0.9503753983555905,Vegetativo
0.7121317406171898,Vegetativo
0.2881894047415964,Vegetativo
0.9154846946393197,Vegetativo
0.6125187570850397,Colheita
0.92595300262455,Colheita
0.8707266179881399,Colheita
0.04173154455838135,Floração
0.4071024951775637,Floração
0.8507317905996806,Vegetativo
0.6603291408245519,Colheita
0.03577947642647006,Colheita
0.3835192340680269,Vegetativo
0.5077316698887036,Colheita
0.280891420487541,Colheita
0.5706863499447963,Vegetativo
0.7511432529094502,Vegetativo
0.3671884456956528,Vegetativo
0.2955529474155928,Vegetativo
0.9795336111975544,Colheita
0.7756202891988457,Floração
0.7543785231883378,Floração
0.20184124367330525,Colheita
0.6856413296210184,Vegetativo
0.28093021485020875,Floração
0.8702610945035026,Colheita
0.49831000519169577,Floração
0.3796550536155564,Floração
0.07856313074174814,Vegetativo
0.15269329665454978,Vegetativo
0.7315615898882928,Colheita
0.6864158601457528,Vegetativo
0.21208239094144576,Floração
0.27309356999884116,Colheita
0.6724735860248529,Floração
0.6485514376521819,Floração
0.04831951761062392,Floração
0.9405995697472463,Vegetativo
0.43843451258975086,Vegetativo
0.5846741113130551,Colheita
0.07222661660134178,Vegetativo
0.6213241528328665,Vegetativo
0.745082094984935,Floração
0.9526958495098925,Floração
0.5468065274656155,Floração
0.19168999945798948,Vegetativo
0.5627161537565358,Vegetativo
0.27760552842596165,Colheita
0.6911774767519908,Floração
0.26161826787358666,Vegetativo
0.9915769538368051,Colheita
0.8280772468253847,Vegetativo
0.9162747070492785,Floração
0.11663609660345686,Vegetativo
0.37800118243198044,Floração
0.10970456502399173,Vegetativo
0.6088282577799002,Colheita
0.5919791464760641,Floração
0.31870494811738737,Colheita
0.5100303745803655,Floração
0.871347819395637,Colheita
0.9273111891304914,Floração
0.3356557860389253,Vegetativo
0.9721794782231891,Colheita
0.5283719868154084,Vegetativo
0.5189983690016858,Vegetativo
0.640376858654348,Colheita
0.3388121569849346,Colheita
0.5874035768898876,Colheita
0.4363188510138013,Colheita
0.24390197082377407,Floração
0.5603754320554867,Colheita
0.015122198643666152,Floração
0.0804955089810897,Floração
0.3883756067306704,Colheita
0.7853396379957787,Vegetativo
0.30753161956809716,Vegetativo
0.3810483718577964,Colheita
0.04051076317331781,Colheita
0.5700687361155683,Vegetativo
0.6476601511933363,Vegetativo
0.30588372381649265,Floração
0.40584280702020026,Vegetativo
0.9654701743560425,Vegetativo
0.07043656078678706,Colheita
0.4517106265599279,Colheita
0.11898749231602745,Floração
0.321303733018354,Vegetativo
0.26680316180533903,Floração
0.979242822065027,Floração
0.15786910281307742,Colheita
0.8843296320894031,Floração
0.2263681578515221,Floração
0.8825695162711326,Vegetativo
0.5717106906613905,Colheita
0.7937925349374774,Vegetativo
0.3789533374147319,Vegetativo
0.2780796197262275,Vegetativo
0.13573776144740501,Colheita
0.253705466815361,Colheita
0.478075190123157,Colheita
0.34113863389250587,Floração
0.5971972605241119,Colheita
0.46778209824562345,Vegetativo
0.13766456500418345,Vegetativo
0.2047097899598579,Floração
0.09888942624207353,Colheita
0.3910041107043335,Floração
0.7402366069024825,Vegetativo
0.8201724601503317,Colheita
0.5451254728016438,Floração
0.17386800716362227,Vegetativo
0.7270917355603929,Floração
0.6731690076506501,Floração
0.48308772599560146,Vegetativo
0.4851605264896214,Floração
0.3198226147629646,Floração
0.37432937378090214,Vegetativo
0.36466542886483067,Colheita
0.7429517363339502,Vegetativo
0.07908818965090603,Floração
0.6493291188151044,Colheita
0.8579892175180347,Floração
0.8633490999312263,Colheita
0.7007789721508433,Floração
0.2374248412778971,Floração
0.9895069496982583,Vegetativo
0.97954428469543,Colheita
0.03839564304956544,Vegetativo
0.11675224792529137,Colheita
0.7265202694267757,Colheita
0.900894396661799,Vegetativo
0.612374632690447,Floração
0.32059204937625896,Vegetativo
0.7075541343876088,Floração
0.8612954586936943,Floração
0.20837984413227784,Colheita
0.5452096708609105,Floração
0.15949310683521867,Colheita
0.8889227270022065,Floração
0.750542097842604,Floração
0.8559357137172061,Vegetativo
0.27629888735559116,Vegetativo
0.8782028727902281,Floração
0.3004279758591275,Floração
0.19387359020867145,Floração
0.48049548482673055,Colheita
0.6071188792135892,Floração
0.5250166297476359,Colheita
0.9783458407084837,Floração
0.7751877297395304,Vegetativo
0.22973273762416713,Vegetativo
0.058953891013067805,Vegetativo
0.7549988299601977,Colheita
0.8938143106907651,Floração
0.6535669536099556,Vegetativo
0.8988357568803899,Vegetativo
0.7908538565337762,Colheita
0.18793624441049384,Colheita
0.6408276982895225,Floração
0.4024267061090939,Colheita
0.3301626869699307,Colheita
0.01356854896284121,Colheita
0.55300364016188,Floração
0.08601984723948042,Vegetativo
0.9056169327990733,Floração
0.6202785952063936,Floração
0.940589913515095,Vegetativo
0.6459219371983057,Colheita
0.7561331615052546,Colheita
0.31586602375023554,Floração
0.14589118428353387,Colheita
0.8677016169494788,Colheita
0.5124958366251285,Floração
0.11605821859068044,Colheita
0.6699240683006503,Vegetativo
0.7444314483630636,Floração
0.7845265987604327,Vegetativo
0.3267669087457321,Vegetativo
0.2451962499972663,Floração
0.3212099999491149,Vegetativo
0.9810708267859524,Vegetativo
0.043728867274091754,Vegetativo
0.9775110389637142,Colheita
0.15356501050307592,Floração
0.7138917089934546,Vegetativo
0.9302443636822428,Floração
0.9850473024867501,Vegetativo
0.1584985187669099,Vegetativo
0.37985917362008703,Colheita
0.9856583045454145,Colheita
0.3854013757174699,Vegetativo
0.5276166718579915,Colheita
0.2901774335269687,Colheita
0.07072770432440423,Colheita
0.5655356193723347,Colheita
0.674519372402664,Vegetativo
0.4050756556752916,Vegetativo
0.4483251054623483,Floração
0.5283992801112046,Vegetativo
0.5057435551868228,Colheita
0.29781509066650014,Floração
0.5472486325559592,Colheita
0.9131961125763416,Colheita
0.15933569310236573,Colheita
0.15336779918001864,Floração
0.1590436643837715,Vegetativo
0.9220907362089438,Vegetativo
0.12273197470930453,Colheita
0.9145374776189029,Floração
0.9163109852025743,Vegetativo
0.5478124786257201,Floração
0.9782901727573017,Floração
0.07791130492266463,Colheita
0.9577080866543533,Colheita
0.20647541185210105,Floração
0.8398608124273922,Vegetativo
0.3946918150330586,Colheita
0.6121400370245609,Vegetativo
0.7766652574039106,Vegetativo
0.55130563857,Vegetativo
0.7582319121451119,Colheita
0.6583269439012598,Vegetativo
0.6241941779166665,Vegetativo
0.6177403077819802,Floração
0.2820840104143305,Floração
0.1457417467770098,Vegetativo
0.0923723795696203,Colheita
0.92745782563366,Colheita
0.27641738067040855,Colheita
0.2523256534165502,Floração
0.51592117215568,Vegetativo
0.22700586014644575,Vegetativo
0.16080782197788168,Colheita
0.5897963872046198,Colheita
0.3942126055582883,Colheita
0.27778513946635075,Colheita
0.03620861329151581,Floração
0.32219367136726573,Floração
0.5156346537510734,Colheita
0.9363042652596063,Vegetativo
0.7916257902203704,Colheita
0.9563357313005458,Colheita
0.43339969461687833,Colheita
0.04888318914810097,Colheita
0.2557417387959281,Floração
0.061495724572771304,Vegetativo
0.3232506408648508,Vegetativo
0.6830559635480165,Colheita
0.33201503538086086,Vegetativo
0.12477543092875232,Floração
0.6461415757678762,Floração
0.9647316806960069,Colheita
0.07446521374586978,Colheita
0.159038533248006,Vegetativo
0.47972491399645756,Vegetativo
0.49230296155262476,Vegetativo
0.8550977836648884,Vegetativo
0.6919126783285132,Floração
0.04063259933431185,Vegetativo
0.2670021670132562,Floração
0.4490767074069213,Floração
0.5882086420984498,Vegetativo
0.6347912729702767,Floração
0.32232659959346044,Vegetativo
0.7814797324069332,Colheita
0.02724655676867027,Floração
0.6370955975848596,Colheita
0.29880462715073186,Floração
0.26586045053460117,Vegetativo
0.6253165013636524,Colheita
0.2214968018871979,Colheita
0.6956326791726071,Floração
0.1402994935671089,Floração
0.9252218435815736,Floração
0.2606634960963399,Vegetativo
0.28064045424652817,Colheita
0.042728292297131376,Floração
0.8508158220287626,Colheita
0.4238178143740672,Colheita
0.05760277634700306,Vegetativo
0.596097892582925,Floração
0.10687703307336038,Colheita
0.10630223031216302,Floração
0.1855852805633389,Floração
0.546913610448264,Floração
0.5198571869941253,Colheita
0.6549547540070454,Colheita
0.044049661642082794,Vegetativo
0.11794646305415846,Vegetativo
0.5523248645345799,Vegetativo
0.8794230856931449,Floração
0.47702470231254845,Floração
0.13405556115888073,Colheita
0.671788817416999,Colheita
0.016788652647603985,Vegetativo
0.5053441576675713,Colheita
0.13961568840267624,Vegetativo
0.16656959306240593,Colheita
0.7697699264364487,Vegetativo
0.004655107115314916,Floração
0.24106062107411763,Vegetativo
0.837508150521634,Colheita
0.004191821072870638,Colheita
0.06762369723654826,Vegetativo
0.19800083571410598,Colheita
0.26665597678289166,Colheita
0.4458576722078973,Floração
0.5723424681824631,Floração
0.5248374704236738,Vegetativo
0.002838285934662843,Vegetativo
0.250657386689663,Vegetativo
0.8303754001497816,Colheita
0.266347544940156,Floração
0.28996211248070025,Floração
0.3972423137718455,Vegetativo
0.5354860714914212,Colheita
0.7785306379397118,Floração
0.47592243698647674,Floração
0.2419278623734602,Vegetativo
0.03823804266785147,Vegetativo
0.5533616713738401,Vegetativo
0.11941953518242321,Colheita
0.9348523577326919,Floração
0.29338789114449826,Vegetativo
0.1574668925639907,Floração
0.6486404781955696,Floração
0.6984277851025694,Floração
0.9658507066504061,Floração
0.34001220241406405,Floração
0.912329755578641,Vegetativo
0.11146171102239977,Floração
0.4010020295077671,Colheita
0.006965565631211756,Vegetativo
0.6659360567210656,Colheita
0.3813984988882757,Vegetativo
0.05273539163670882,Vegetativo
0.868380066200866,Colheita
0.621706816618373,Floração
0.4473888357466954,Vegetativo
0.7931774344963873,Colheita
0.32518111416558926,Vegetativo
0.6772962557324574,Colheita
0.5279635599300153,Vegetativo
0.7581594157313528,Colheita
0.2693388752927608,Colheita
0.9023637970862086,Colheita
0.2693456723738734,Vegetativo
0.12438804061212527,Colheita
0.2084134919464936,Colheita
0.9708786862094725,Vegetativo
0.4352913848720925,Colheita
0.9383206575689783,Vegetativo
0.22667525241497333,Colheita
0.7381127805501988,Vegetativo
0.21636245715309255,Vegetativo
0.09389691732794725,Vegetativo
0.9825187935962684,Vegetativo
0.7394255914830367,Colheita
0.7765492459259324,Colheita
0.4090269257656082,Vegetativo
0.03234486346463439,Vegetativo
0.5473497253179096,Floração
0.3715222086322001,Vegetativo
0.7694069042358005,Vegetativo
0.05307224975347791,Colheita
0.01547938866533205,Vegetativo
0.7416790298360573,Colheita
0.8573763454729787,Floração
0.04645343929626411,Floração
0.8226214988438382,Floração
0.010163040505294152,Floração
0.48060819414334544,Colheita
0.793078639766866,Floração
0.7516294875307963,Colheita
0.8511219754363964,Colheita
0.06252615843175335,Vegetativo
0.8664689915612955,Floração
0.5224886715168009,Colheita
0.9109486977794206,Colheita
0.3965161564406372,Colheita
0.5258738480604103,Colheita
0.8066482247627638,Vegetativo
0.5297975157626323,Colheita
0.7538160377253011,Floração
0.213631386786714,Floração
0.22645041842889624,Vegetativo
0.5468608881191398,Vegetativo
0.5866844354345528,Floração
0.336978347157718,Vegetativo
0.6420471288620083,Colheita
0.6045638569047729,Floração
0.029109089459375515,Vegetativo
0.32474555034390795,Colheita
0.7882852060010485,Colheita
0.15368730680211706,Floração
0.3797958831402112,Vegetativo
0.8366352153784871,Floração
0.6882853359170482,Vegetativo
0.33055804924328647,Floração
0.27741231769177566,Colheita
0.4487872592558151,Vegetativo
0.7254731108372118,Vegetativo
0.5470351916601695,Floração
0.8624234186169643,Colheita
0.5537739602377536,Floração
0.9570936946301205,Vegetativo
0.9519968920728419,Colheita
0.8941894392062635,Floração
0.44498248942528984,Floração
0.22895640201456935,Floração
0.8226821034368044,Floração
0.0729317552205988,Colheita
0.1446872960426251,Vegetativo
0.5254659075890743,Colheita
0.7220184466609494,Floração
0.700603836725365,Floração
0.08115421256072897,Floração
0.3176697548860665,Vegetativo
0.7892069287866462,Colheita
0.04598220462059266,Vegetativo
0.4404263863716409,Floração
0.07839308542167056,Vegetativo
