umidade_solo,condutividade_eletrica,temperatura_solo,estagio_cultura
0.8423152898185855,0.23448315748242843,0.6138339214483619,Colheita
0.09744128506706129,0.5202625538319886,0.9505204907884874,Colheita
0.8653549470197469,0.02300961422641068,0.1412262106969453,Colheita
0.1886641263765506,0.08553823757114798,0.7923888596028748,Floração
0.4645179824585647,0.882197846200799,0.11149926538258126,Colheita
0.8263714892744772,0.6299471337644381,0.6855040833422343,Colheita
0.46002626614220654,0.8348237493673406,0.3958321612246196,Colheita
0.5600574958189843,0.558775455808508,0.9753646094790438,Vegetativo
0.3413170539530702,0.6501337736920427,0.065415521975411,Floração
0.49276333337393885,0.843544035313204,0.3896673254200689,Floração
0.7442345611978083,0.7267885365999325,0.09881073543396723,Colheita
0.09728325871917554,0.3298230486335604,0.06596825046942645,Vegetativo
0.12382158984536573,0.5709933414036996,0.7002247612283717,Vegetativo
0.9375297001436139,0.0348928294277705,0.6092653275215949,Vegetativo
0.7214720217222296,0.9087758009309191,0.2573388428715492,Floração
0.058498876896598495,0.3788807493484303,0.7721798542201664,Colheita
0.5449237933009841,0.40941399263424705,0.022754242961090188,Floração
0.0049795531319453135,0.7248234656218119,0.34375632003645706,Floração
0.45911377737696335,0.9731226303172308,0.6539245162370609,Floração
0.06008698986657135,0.37948831590666077,0.546559827692572,Floração
0.6779682158430943,0.9993831143582431,0.6069471780461095,Colheita
0.5639405581777374,0.7611416267055675,0.8199368724904715,Floração
0.3328103845827173,0.5346391519323959,0.8609427861561402,Floração
0.07460313594460133,0.8741482666287425,0.10609055845317206,Colheita
0.6348711066128788,0.49400238999466484,0.34056417545819917,Vegetativo
0.9242784507635318,0.6497701436946925,0.3105853737243107,Colheita
0.893131800191056,0.8032904693155857,0.23617431797191601,Colheita
0.451779668455889,0.5093910378663005,0.8872100665804933,Floração
0.8636347325617623,0.07682163744842918,0.5993565571705948,Colheita
0.0013029702401338161,0.7164173501627598,0.9834468350048814,Floração
0.7353173568380816,0.5563555382594043,0.5596487591235758,Floração
0.20356118195304407,0.4506409399779079,0.6072741820641988,Colheita
0.9953128138526632,0.3400379040057184,0.6817661785741778,Vegetativo
0.21939837432372034,0.693590585708822,0.1966240811016916,Vegetativo
0.91212985868727,0.012330518061239748,0.6863133662862448,Vegetativo
0.6661790746803622,0.5801230123374479,0.252491402888543,Colheita
0.4583597162653682,0.7386620531690881,0.20358800009096356,Vegetativo
0.8011859846653192,0.644459982721066,0.9697984712774186,Colheita
0.3558934744476585,0.6832405379033044,0.611248878185787,Vegetativo
0.1457983902022616,0.1299146704105716,0.42263032254785793,Floração
0.7167953908120807,0.5034754366343104,0.8278901088716393,Floração
0.39800680185133774,0.5490171710703734,0.958079429719363,Floração
0.788249910172053,0.4900399636995716,0.5593154303466117,Colheita
0.30725188123092595,0.31331478235202437,0.9090939596999548,Vegetativo
0.7676215802966198,0.049997453793609314,0.8389449115694546,Floração
0.10264200936737311,0.1483520776203513,0.9836590283788603,Floração
0.026910274984783378,0.10524045220675404,0.3856406536933521,Colheita
0.23703455268097295,0.29109592735919754,0.19723007429629102,Vegetativo
0.18636492178734798,0.7849907867452677,0.19924178834626616,Floração
0.7031783995947011,0.565506822954066,0.7664819484152384,Floração
0.11322104414676448,0.6201578051859138,0.7557506714137081,Vegetativo
0.5989597008260839,0.38269574965381126,0.6796234715873739,Colheita
0.7002057421554067,0.41583451513653513,0.864042941172114,Colheita
0.4510831042815697,0.8392886816421304,0.24028907810981315,Vegetativo
0.6478198026933671,0.1817553659713812,0.4309072280746674,Floração
0.9245893234665975,0.45468060228784435,0.1297176304319625,Vegetativo
0.7941012926294331,0.3956232167399698,0.4855843589390997,Vegetativo
0.6653573889122224,0.5740621999654058,0.7882612692819867,Vegetativo
0.32244126142933816,0.5912200569932229,0.07884865783981287,Vegetativo
0.5960581250377203,0.07469360197518538,0.08431208714509286,Colheita
0.10900586664945477,0.962201064521325,0.02548238651844348,Floração
0.27535101157429775,0.39565554268141523,0.56773394188029,Colheita
0.07748249250098538,0.29902988330095914,0.5490966680704641,Floração
0.0916351419164283,0.5380710116673099,0.4665776725741354,Colheita
0.21097429769839604,0.7185858616433716,0.12486827277607171,Vegetativo
0.2314287422402369,0.35870059634219054,0.13987977648774297,Floração
0.7101707704098608,0.6923407705479725,0.40198511224602507,Vegetativo
0.1696383916796903,0.4387603628133263,0.9649277239548291,Floração
0.7844876597481378,0.3847279445077393,0.2387706694960774,Colheita
0.6807856870728332,0.19944610979186972,0.8205177415023419,Floração
0.790041384875233,0.9602156899252519,0.6006744603170884,Floração
0.11423764045396945,0.22529685958532075,0.054757379270445106,Vegetativo
0.9478501115435235,0.10795159373872198,0.3561635631588791,Colheita
0.11023338531193838,0.4327217863577667,0.5971658715587868,Colheita
0.24079543399857184,0.6030361789391769,0.49879987189287056,Colheita
0.8958416438990603,0.9085222551078197,0.012634305462702389,Colheita
0.30442382124596257,0.5400534141686513,0.269511811416153,Vegetativo
0.658513296407409,0.1615111982041061,0.11208602599860829,Floração
0.5209874984082918,0.04463077899444445,0.8519887464345316,Colheita
0.1425723013897363,0.7092891103399483,0.07895822309466216,Floração
0.9156220873523009,0.5296589901951703,0.7207758022807348,Floração
0.24773870789093777,0.31334268675952903,0.852856232648007,Colheita
0.30675726867845887,0.5209434786393277,0.46648075454237947,Colheita
0.4241444487390925,0.795499887841866,0.6250967891877487,Floração
0.8034877090185722,0.7159550086647477,0.5736733304490591,Floração
0.192769485717444,0.18613199378019696,0.9490141573332334,Colheita
0.9591383341877044,0.5704072380148437,0.8047041663066666,Floração
0.3516362748667635,0.9181636639660996,0.68195544768285,Floração
0.18979653873991686,0.20173855539245933,0.8369724790516656,Floração
0.3559042121747056,0.2164799269677895,0.03966066349543251,Vegetativo
0.7366613900281499,0.7422465138211414,0.8977938286888718,Vegetativo
0.6611096736325583,0.11694100256097606,0.6009143292840304,Colheita
0.2938373876697131,0.4777286693636581,0.677488524420635,Vegetativo
0.8762774954771787,0.41317647718934003,0.16421090384259396,Vegetativo
0.11249212817923471,0.3423773736697667,0.770309423773522,Colheita
0.6890190649471959,0.8499248215097494,0.7621625775685726,Floração
0.025630998006927586,0.1320625766957081,0.4758233722395062,Colheita
0.3900371798725839,0.33854353975932405,0.9118650370840581,Vegetativo
0.0687121064251569,0.7730379138094126,0.9095630207816056,Colheita
0.20559911099739114,0.3151723610156677,0.9832803993804823,Floração
0.9678463884994951,0.06810007822309716,0.5049291050003529,Vegetativo
0.2183131769444897,0.02592983823889672,0.11287035649618238,Floração
0.35810527048253027,0.061347797567758766,0.3598969475515317,Floração
0.12597707055575968,0.48287270080634304,0.07090653442202555,Floração
0.3476655611626951,0.17770351529787298,0.02086447224188326,Vegetativo
0.48186921685680406,0.4230929698370548,0.7693231654896968,Colheita
0.15438289402145744,0.91514182546361,0.6616881452839779,Floração
0.8980481389995727,0.3739508210128619,0.7710062029791049,Colheita
0.0011984812620350338,0.9742981791053068,0.3100332278679143,Vegetativo
0.41699566291585966,0.27445091854827286,0.564874116023697,Colheita
0.31474466731397677,0.23272752596181556,0.5693727071643693,Floração
0.8824771944744398,0.8580546057555427,0.517193094961225,Colheita
0.04722176513796439,0.812632315136822,0.05124909154573909,Vegetativo
0.8351260463862629,0.02075128491024747,0.27714177126323336,Colheita
0.7282717241964911,0.3017535859194381,0.10210280255582149,Vegetativo
0.6045842347889285,0.48936324295565004,0.5925753214790286,Colheita
0.3249439885373391,0.997314067814571,0.8225103655661483,Colheita
0.7093821777671896,0.03880359605999517,0.12229028280891963,Vegetativo
0.32207751453704847,0.4657121613673256,0.44641898058122853,Vegetativo
0.43720936002417843,0.3411766993230121,0.8089500928497874,Colheita
0.7190566543693019,0.7205243520273755,0.772244342680446,Floração
0.9825020338414099,0.20071820501053628,0.6444462818882968,Vegetativo
0.707791096663364,0.4840326439699787,0.996125088071985,Colheita
0.5525296667838341,0.07336753446715283,0.6710892846998076,Vegetativo
0.7135116307808816,0.22520874002360713,0.5064237509756984,Colheita
0.6975041286112516,0.8534787057706467,0.4889102076875871,Vegetativo
0.7388527273271144,0.581385752333447,0.4846277536245003,Vegetativo
0.6497772063811579,0.1740504081441676,0.3983525743942249,Colheita
0.8303426837148659,0.11169844676280971,0.9668500989973877,Floração
0.1042279116805841,0.569479892994572,0.38117796774392765,Vegetativo
0.34726251523544827,0.5081862224816766,0.7778944663123356,Colheita
0.30140595484552224,0.4095190702302295,0.455267241867243,Floração
0.794887822631501,0.7365375743363132,0.8864868088449541,Floração
0.7021285779758635,0.03230208986310801,0.3632217022217219,Floração
0.34745125825594625,0.6791378176143565,0.4547725677113812,Colheita
0.34902030181185906,0.6032123982619885,0.19066436260950292,Vegetativo
0.7789453458770953,0.9950944170725625,0.12726382636351374,Colheita
0.5712510547738254,0.4266423354317034,0.028366402205264096,Colheita
0.85523931130579,0.6167310707877588,0.20071229061291052,Colheita
0.8855047166608674,0.3213611030525907,0.2535866939840701,Vegetativo
0.031454739518721686,0.8952371952724423,0.1143928015853386,Colheita
0.6724289541076017,0.4466831072901738,0.08827090136966576,Colheita
0.6923831768258044,0.8029201832305825,0.9566530822809709,Colheita
0.4002789658109889,0.3294584530448966,0.26709577914518434,Vegetativo
0.16942949021707698,0.08351562176422977,0.6598339124155009,Colheita
0.06891538839716238,0.9214323013267115,0.6873732744217637,Floração
0.6390380099532003,0.7403629875700064,0.6641130465347458,Floração
0.37808074690207405,0.5273630285489255,0.4645635968434686,Colheita
0.6788266837314192,0.3802415682350635,0.08370678009667054,Vegetativo
0.27930538346350475,0.4825471633755485,0.5655511674635876,Colheita
0.08353112243587935,0.6615614073057345,0.7178244037992229,Vegetativo
0.9613389995237771,0.7109691294221572,0.38527040906159216,Colheita
0.19719521752921165,0.6598336865580149,0.40624357985292214,Vegetativo
0.08326896700838693,0.6259106064475589,0.29817095573971175,Vegetativo
0.26156854304533017,0.6726332446916431,0.33535492776763154,Colheita
0.23532496032989447,0.5568737447907317,0.2229721217828019,Colheita
0.8658545928445202,0.9259360768861947,0.8772422473908817,Colheita
0.3339212100449753,0.00815052708842623,0.5249434638423213,Colheita
0.4688167309458757,0.7270352596216422,0.7637379867911128,Floração
0.04382652987996283,0.8073573837397622,0.6417632971649789,Vegetativo
0.33237928961583163,0.8057358488630078,0.7144524826656277,Colheita
0.106082345219908,0.12064440277564392,0.561689967887865,Colheita
0.3068666004216891,0.2864342593492515,0.7423681708137515,Colheita
0.8335754899935461,0.7378387120975279,0.7908141185990362,Floração
0.849360058969083,0.36380290617039,0.14127699203872313,Floração
0.2835911990032215,0.5733521117089563,0.9972749589144831,Colheita
0.18562233175760534,0.07962954962800328,0.5717581066716528,Vegetativo
0.9851774932593458,0.5324651158345625,0.5329981749447615,Colheita
0.5034053693242925,0.310601196075489,0.5137276961856634,Floração
0.9934060891149412,0.7591850256669807,0.8153250696531111,Floração
0.4822821824280137,0.2635100226955379,0.6207370724013206,Colheita
0.7597180525327291,0.4923343454655422,0.6185647862244266,Vegetativo
0.696281075493706,0.24679902826293187,0.21452035991071816,Vegetativo
0.9599572965918745,0.5212484488890488,0.9121286517479996,Colheita
0.13117679898599266,0.151665138910408,0.8165708177194118,Floração
0.20876346354753483,0.30146103242786126,0.37553863255098185,Floração
0.5661695789791702,0.9012789504646205,0.7206977084876645,Colheita
0.45287290463756125,0.9931790435856631,0.09973688225319588,Floração
0.759550179874364,0.30660750932943637,0.4882484187010804,Floração
0.9649629360870081,0.16497066824957995,0.06799008163320008,Vegetativo
0.4804599817707187,0.9159628243778583,0.8335976358256671,Vegetativo
0.2069103402853797,0.18593922462123247,0.36244983680950893,Vegetativo
0.2944777914674247,0.8124737650599251,0.31768347068371006,Floração
0.9241178388064474,0.5763865023918747,0.6784235990487891,Colheita
0.7518050346992088,0.42861053850797315,0.8053843680090416,Colheita
0.7803848288933529,0.9465912023287424,0.5463133115472892,Colheita
0.7076349626413384,0.22220249514241674,0.11349307063895975,Vegetativo
0.40379029866892924,0.06456977116694296,0.2611409821930575,Floração
0.1786983649923709,0.6270686715025596,0.31284228663409097,Vegetativo
0.3429430764234732,0.5832648493177895,0.3775866156894876,Colheita
0.3909320327858219,0.6898901508420379,0.31539042857416677,Floração
0.9722110247058536,0.4815110978149568,0.08050434755729885,Colheita
0.6421505901226122,0.04451055462324083,0.7291170957862135,Colheita
0.8468386202636689,0.7745764317335153,0.9689283671807521,Floração
0.7717981487346836,0.1387833075996081,0.9158398558337367,Floração
0.18712984516039066,0.08970673389484696,0.7697801566345199,Vegetativo
0.37606108327260335,0.19467724255923613,0.26568497692205884,Vegetativo
0.3067941236873476,0.14890843306417412,0.5828595852465898,Floração
0.8186765707465886,0.4165076793646293,0.26809263801940564,Colheita
0.7708179367463539,0.4052008860106464,0.6151522172241871,Vegetativo
0.16879253737012256,0.22858000725842875,0.6838263551720976,Vegetativo
0.8756936192895586,0.3962944592105708,0.7514695346509102,Vegetativo
0.4521935475130655,0.9438266540458136,0.7739811711277168,Vegetativo
0.643867836967506,0.7500791780047389,0.978487920639888,Floração
0.4407714619194527,0.9277829408800371,0.948941007616418,Vegetativo
0.10320316878006475,0.5888340507138005,0.9614448684133092,Floração
0.7653250937615427,0.4010891123540873,0.9802687358789001,Colheita
0.8213879924563938,0.3111264860029588,0.9374217802704083,Floração
0.07550389967243398,0.842876333206104,0.3196649561972962,Vegetativo
0.8874711611882309,0.6483145824105283,0.6757916629636985,Floração
0.4926166343395143,0.10545553596263113,0.5692899912852021,Colheita
0.8475783990848009,0.4816997094208103,0.5741441991318117,Colheita
0.3729779345294444,0.27105279912436353,0.12220516415558447,Colheita
0.9359677267717259,0.47310252765747973,0.2023928456320102,Colheita
0.983194087602309,0.6541330742847439,0.7726863497211303,Vegetativo
0.34813187644586274,0.2331508244138102,0.8576923068585185,Vegetativo
0.10892289905437869,0.7870872971055392,0.038868320974158266,Vegetativo
0.7680141330293322,0.007442644585894498,0.638467367150468,Colheita
0.4894921688238911,0.050330582840025895,0.09947804033273588,Floração
0.2998715790946631,0.7719771283159456,0.036641876701205445,Vegetativo
0.8065419279150438,0.9691642228765435,0.19628434471933143,Vegetativo
0.8682714962442913,0.3038823659600933,0.06855854008774886,Vegetativo
0.14568695324927172,0.22025116877049822,0.7585957891371897,Colheita
0.3218090913142839,0.46762507051074054,0.2095598192081518,Vegetativo
0.6023343199061609,0.6152629267682443,0.49743979533402716,Colheita
0.7742071657833124,0.19154046606307185,0.07292561122669927,Floração
0.9593594026570013,0.6850534667419762,0.8306583729900817,Colheita
0.33852162204167446,0.4779973757885153,0.8215880491026848,Vegetativo
0.1425265286136298,0.40749176101246276,0.20171744928262214,Vegetativo
0.9048248069771008,0.9666341518381202,0.27696261588997007,Vegetativo
0.22257802787952696,0.05676694391517956,0.4155652776994322,Vegetativo
0.47592494363927473,0.828779785533416,0.6421010079864294,Vegetativo
0.3962426023326616,0.5659874930685087,0.3105161116573045,Vegetativo
0.3265174800352282,0.5929523134362175,0.1284261836433367,Floração
0.39705056872461797,0.6798369613020784,0.05909396470606543,Colheita
0.7819359446581815,0.38233711352693855,0.9461284747170741,Colheita
0.9504864051061382,0.5979875064133346,0.23066094445802687,Floração
0.9730487119845972,0.5514821572188172,0.1859365518416165,Colheita
0.04668120694764666,0.9923829308344996,0.9996743691931249,Colheita
0.8341659193769316,0.33865936600308333,0.8079998867648931,Floração
0.044479851877999965,0.5392173876227578,0.476978366028075,Colheita
0.027154173553152305,0.05342906102956557,0.39919238954903213,Colheita
0.6968205202959185,0.6578467157940218,0.6484929573719109,Colheita
0.7618497140464766,0.05944661445976862,0.29906685549805956,Floração
0.06293020151452877,0.6744560539575654,0.45428422047783856,Floração
0.9706296812692732,0.42643785556751035,0.3833196557008264,Vegetativo
0.9250801243367828,0.7875292373556674,0.3959370717251014,Vegetativo
0.7619282667104184,0.21441794087000188,0.14546880326333467,Floração
0.667388215450599,0.27672525054142116,0.6200125950507295,Colheita
0.6511394218901738,0.042880151607119665,0.7230218205332832,Vegetativo
0.14389584685433177,0.05614521032549602,0.12159397937831451,Vegetativo
0.5428019975577252,0.5729012013951459,0.8518332050958362,Vegetativo
0.007415113812660357,0.052475806580764894,0.4407900634238474,Colheita
0.8048085979378321,0.6153538120951826,0.38548467655008833,Vegetativo
0.5113585330873742,0.5080339504583604,0.7688177842111379,Colheita
0.919301283648642,0.5368754263321703,0.9811271717183161,Colheita
0.010767011470871335,0.5747147452858008,0.5304660030199306,Floração
0.7061526148962238,0.27780942619073823,0.7920595753765186,Floração
0.1072693104510617,0.5505486229375167,0.22902458490778566,Floração
0.9620316927960889,0.29416531366787435,0.25016090011879366,Colheita
0.5173372576226752,0.2308523695695165,0.7250906748032793,Floração
0.37168308997659116,0.25803013765659943,0.6723536426825285,Colheita
0.4547265504865171,0.2842765678459599,0.0037127776254831657,Floração
0.5446701491676897,0.21244510966699148,0.7913991392609357,Colheita
0.5193917333771944,0.02717882961976814,0.31605563549132143,Colheita
0.9487402664622263,0.5278562519496809,0.0903094629066934,Vegetativo
0.6392430795556309,0.7451269789140819,0.8824550541729338,Vegetativo
0.42076523477397576,0.24568350775364112,0.3028668678679225,Colheita
0.630418162652526,0.04159968325633634,0.41901616739567304,Colheita
0.11683467216362109,0.609291080138425,0.4371895935856428,Colheita
0.1054949498648945,0.2878693896968054,0.6357961208159882,Colheita
0.5087594382153414,0.16470527180265626,0.8570423864248606,Colheita
0.9571012952131991,0.6722365537684167,0.10095401206729271,Vegetativo
0.8957769819138652,0.400576706513746,0.16475057034727958,Vegetativo
0.12565991265088283,0.8625900381010773,0.8104171003968134,Vegetativo
0.07639867128423705,0.044652505775922946,0.48499733558722846,Colheita
0.500982086859853,0.006722730248492792,0.40827392542649776,Colheita
0.746345941566515,0.2955759245239552,0.8448865291729689,Floração
0.23011153406558416,0.9878969723199218,0.439764486401776,Vegetativo
0.31317971608623374,0.041995585286116466,0.6037311691448016,Colheita
0.01804291064698571,0.9056737826253299,0.16037495421745085,Floração
0.6224751128106522,0.7375813896438452,0.3151298722250665,Vegetativo
0.258748194999073,0.2863447761011231,0.41012908143477766,Colheita
0.9017032001153297,0.34945215015375897,0.5781338633708006,Vegetativo
0.9028507751005477,0.9909054479067733,0.2516480688440085,Vegetativo
0.93432647220874,0.9634403089474916,0.26259974685154097,Vegetativo
0.1714707665676687,0.5291799655196057,0.9336363906233802,Floração
0.9032809851712486,0.848423032999026,0.1408275115381844,Colheita
0.4352711316606733,0.8908797292027494,0.5257011338961952,Colheita
0.6761662934034596,0.5077800625436228,0.9790924570475638,Colheita
0.5093242070815492,0.07297944234062637,0.7883849536507179,Colheita
0.7195408405632229,0.40803407112078127,0.11598494605283227,Floração
0.3425495621598472,0.6492155970994824,0.9022611167898643,Floração
0.7313966626862144,0.44430513723845266,0.9938137769878442,Colheita
0.2968986968497155,0.05902418257454922,0.44340694035909767,Vegetativo
0.7335836183234469,0.5144076144381498,0.08118672132373317,Colheita
0.3951543629543738,0.9421294371839904,0.02151471136986738,Colheita
0.5143060503770932,0.5395552724488653,0.9889648894833338,Colheita
0.9319173762234373,0.5326473264514621,0.8971586369776232,Vegetativo
0.8401510276236241,0.673724398509357,0.08024900154373193,Floração
0.10807558649716209,0.09020444648328019,0.17834437255888158,Colheita
0.28849198642672014,0.16562571917083813,0.7901344816256581,Floração
0.9302016503932775,0.22388567148004423,0.043166271106811704,Floração
0.6992839094834883,0.7048822444541044,0.10715070091466572,Vegetativo
0.36591545347069576,0.35458236041685987,0.543834753600768,Floração
0.8878776435560908,0.4803534067848595,0.5004239758160628,Floração
0.8993189303648902,0.2845199384286663,0.9639387427208884,Floração
0.09469771548364792,0.8224935306606594,0.33796089845458377,Floração
0.864631953291844,0.1707379562004011,0.6835915311683319,Vegetativo
0.07538228681696613,0.9078669524004171,0.2728618238339895,Floração
0.04887230885577787,0.6008643426988287,0.8792470110215546,Colheita
0.5139816896313453,0.728791354256599,0.39868719566255506,Floração
0.13530956142039874,0.08104934368898553,0.6861280446928939,Vegetativo
0.9368614062599694,0.5414460696073352,0.5158947067231047,Vegetativo
0.3876157578381164,0.7130645408008754,0.35455970404474524,Colheita
0.7999928504748648,0.5553926669516709,0.9786522030309366,Colheita
0.4767411204332166,0.6827035849391492,0.3158628156857223,Vegetativo
0.90422365364625,0.7502499414361037,0.7358468390520502,Vegetativo
0.6128135670934018,0.7374729378738528,0.4183187001842621,Vegetativo
0.0041779484815749335,0.9230075723396816,0.34358446695519107,Floração
0.08022374991403258,0.24168102958379367,0.07103232298133288,Vegetativo
0.535978946814326,0.8454474177855105,0.280948630908738,Floração
0.27399843006826874,0.8887379278966339,0.6796865158336961,Floração
0.9864020789814577,0.10226129999026523,0.21193045697497037,Floração
0.5056397523753469,0.7839140839695377,0.47583913087265606,Colheita
0.11906371519613357,0.03725573255033199,0.4418167775095079,Vegetativo
0.666622865406677,0.4979200321321213,0.20600950000897333,Floração
0.07470539140417132,0.6344638805594358,0.7723392532796989,Colheita
0.012817056419456851,0.543814494400576,0.29743910817631536,Floração
0.5326724688848846,0.9320751939641375,0.2849865395827744,Floração
0.2313555090505317,0.6225833043253687,0.6189697256480575,Floração
0.21771274114233008,0.8637004505149115,0.11951853553700176,Vegetativo
0.031178471948186348,0.6934561117202626,0.11618740907763658,Floração
0.19034028634880418,0.10050705982837382,0.5780171494969703,Colheita
0.7538922792970638,0.6642971692214534,0.25125588526969567,Vegetativo
0.24316779907413688,0.06728546412077141,0.6541619342579614,Colheita
0.09044877875898671,0.8805121116582357,0.6992178063239721,Floração
0.9526558782079473,0.11954637957919867,0.5812735186747253,Colheita
0.13588089750360288,0.11378695483588275,0.04582011972917832,Floração
0.7401248870027701,0.285107380536223,0.9750794479268293,Colheita
0.3481606234508837,0.7213105030501767,0.33917394921120814,Colheita
0.8093050067547058,0.4637450281165988,0.9567915338911958,Floração
0.510802305383427,0.47871987126553894,0.8856215038609998,Floração
0.4282929936386206,0.11324532163779932,0.31716429082077,Colheita
0.7736656630140062,0.4077675986184258,0.7515007521432943,Colheita
0.11763398198220676,0.587162625480029,0.22607466153363898,Vegetativo
0.2720003681477232,0.39635019785646197,0.36525209587260565,Vegetativo
0.4370371856989129,0.08104256792409947,0.8350398195553643,Floração
0.6182329246164469,0.5111660654302919,0.060565385442595376,Floração
0.7377548022174594,0.7521839368241038,0.4430029180730636,Vegetativo
0.69884378420523,0.9795175943013191,0.7423959987348964,Colheita
0.6739543568277914,0.9980632423052946,0.674918216030421,Floração
0.39480124376162495,0.22060250178145158,0.8945498260206343,Colheita
0.5044121505972204,0.16528957207377404,0.35182389697777583,Colheita
0.791734366185037,0.8759391920186306,0.17619388775458356,Vegetativo
0.01288410232682835,0.27811792072922803,0.7313902705413695,Vegetativo
0.43407833469739954,0.15607189467828175,0.49077426988282413,Floração
0.7194576794634275,0.3837244034179953,0.08421002080394546,Floração
0.652966666460229,0.691134800169401,0.5533986165433304,Floração
0.32596148612874976,0.5594266671939006,0.7439363024432352,Colheita
0.27111463010668235,0.22223541588793472,0.19639422171140386,Floração
0.9052403823526253,0.12232361543862169,0.8527517004312748,Colheita
0.7257392299588112,0.827349431108553,0.6849163475828791,Floração
0.5064640038547192,0.17254922620609248,0.11148437163022606,Colheita
0.24166867775316236,0.7743223273287855,0.8874884261609357,Colheita
0.5684352980693339,0.36119155064079134,0.5663835887275738,Floração
0.9780720131123706,0.16220888204161465,0.16654241572105388,Colheita
0.7909341271744801,0.46560064306024995,0.3850566739061576,Floração
0.8401947136699089,0.04603132648196406,0.6487380108588778,Vegetativo
0.13931481227731746,0.3520313733496505,0.4429467084044857,Colheita
0.11285757928265283,0.4529522005111467,0.2105139993370474,Floração
0.9200362644469243,0.785349934779051,0.6610163227852215,Vegetativo
0.21375088964455757,0.32783596146192895,0.3880767708937818,Colheita
0.6527946073546043,0.2230923143690825,0.780943559355394,Floração
0.37315447108627153,0.8851064634211857,0.39318892542052286,Floração
0.6465990138630223,0.045939300378266545,0.2689347785291376,Vegetativo
0.9283977510207663,0.10747976164901185,0.7685704303592964,Floração
0.345476121057428,0.14539607238262864,0.9668304735235856,Vegetativo
0.593401948341391,0.9163182376717326,0.47453829662506797,Colheita
0.18118765363438183,0.5315483140911855,0.9422332809316016,Floração
0.5853828836110372,0.18033426749541126,0.013744112366043337,Colheita
0.33000296822431685,0.6772467210443702,0.8144536929720398,Floração
0.06566695857865179,0.47981057475223665,0.9721504084279367,Floração
0.11618627101874968,0.3772181381619688,0.5158221388848898,Floração
0.11124087433437935,0.7108117841899185,0.9455765506316883,Vegetativo
0.43766850644876076,0.8860191230622548,0.62492311875265,Vegetativo
0.09722980582968355,0.4257366062941288,0.6113257760765956,Floração
0.39029795518455757,0.8157424790361069,0.7340232593640006,Colheita
0.0959939371353542,0.7247764627802415,0.3927541875530227,Colheita
0.8418733277754663,0.6551365988072794,0.24377474300163193,Colheita
0.06608286250705087,0.6378947591139887,0.2989080803359647,Colheita
0.8408142403238985,0.5894185739227619,0.7880693291572557,Floração
0.5392232726867945,0.41671874688191024,0.33072977115055735,Floração
0.42527017729971783,0.5369305444639385,0.34915233889838515,Floração
0.8902789643018706,0.5133927965386602,0.0795004546831829,Floração
0.4913516624596541,0.03426384074768318,0.2812620600293181,Colheita
0.6861646483570393,0.26720784934136144,0.5648067023097066,Colheita
0.012239345304144167,0.6672905102836254,0.4112082986661463,Floração
0.9662170461464518,0.5142418295196695,0.3989724453934017,Floração
0.8297532702267163,0.2032892268213704,0.3577586711449592,Colheita
0.3189969869935946,0.5863257900986817,0.9479650039241478,Vegetativo
0.813949375560246,0.4902568731999868,0.4692458767066374,Floração
0.7547881837227256,0.9984639821920348,0.6031679961086248,Vegetativo
0.6379310622502454,0.2566153996274725,0.015859517388509325,Vegetativo
0.6346131620174726,0.6147434321011037,0.2434679096865674,Vegetativo
0.8067270492580341,0.8265413329971634,0.831228235340633,Floração
0.01743755638968092,0.5034925294468812,0.9530402461759907,Colheita
0.13351282879716075,0.6297703114417321,0.4337778126825592,Colheita
0.1369502738309204,0.24343245263808022,0.46982972141958257,Colheita
0.6853317291930843,0.592251915841076,0.376770371344595,Vegetativo
0.6169313575459026,0.12247660537466121,0.6616988830704222,Vegetativo
0.9812033500064063,0.94130798193787,0.9137517243193084,Vegetativo
0.05426149327155405,0.5073622448723929,0.9156921177690369,Vegetativo
0.5305118871028895,0.2715387055618175,0.5973967447521824,Vegetativo
0.8395797377024349,0.19584984127979754,0.19216024829414535,Vegetativo
0.2464089042290315,0.18629785827239054,0.704077466277389,Vegetativo
0.03280788521999922,0.848239750518628,0.8910978254535262,Vegetativo
0.5833916712138663,0.32195975568159296,0.531432619034499,Floração
0.8803822916478454,0.4822569501845,0.13211237331954528,Colheita
0.23495765348276287,0.04807023327791127,0.20200635941137968,Vegetativo
0.6159946049999505,0.6268337201419749,0.297812537913168,Floração
0.2696283151093989,0.43767513845975914,0.42990163738194587,Colheita
0.5805061321392818,0.7469226542607434,0.7151736625764493,Colheita
0.0878369893067047,0.36015619486065864,0.82896936050827,Colheita
0.4240393764734709,0.20494892275628218,0.0726218288876751,Vegetativo
0.23726244418420595,0.2694608509149584,0.08574175304094767,Floração
0.8977886316667942,0.7736593388610611,0.3364606926671043,Colheita
0.35945417727366635,0.19390721049539672,0.6275913944837995,Floração
0.10637805953798674,0.1386839998408005,0.930413771160983,Colheita
0.043951962985524395,0.7347841672287825,0.13993845032737928,Colheita
0.8886010655250453,0.2678187803041838,0.2682088299701796,Floração
0.5328715606012289,0.3050819189333832,0.23811155019661812,Colheita
0.6067534025297975,0.5828332641290137,0.8766191466138956,Floração
0.8560586890639356,0.3453356675713388,0.6420493693124045,Floração
0.7251532875182515,0.005640275814941309,0.9310080364849826,Colheita
0.3415556886399328,0.651494535295758,0.7880424864608138,Floração
0.9306197437275082,0.7838257519667792,0.25165348627534223,Floração
0.816201767877377,0.06279769735453578,0.20573469780521547,Vegetativo
0.5692170197635744,0.8196173396708112,0.4112136196466476,Vegetativo
0.7129415360939304,0.5405110539580736,0.9542874096339186,Vegetativo
0.2429560606925042,0.9802784118543421,0.9483974835852526,Floração
0.3197000451811931,0.09336182129088699,0.864583699479364,Vegetativo
0.6732681318571714,0.7192991914137296,0.03927979309373453,Colheita
0.5728476748093088,0.40418673770662394,0.539556450417939,Vegetativo
0.6612322101383743,0.45123680345154216,0.3988800413501792,Floração
0.8061641014811315,0.019294956964739374,0.5511200056800268,Vegetativo
0.17360045968128568,0.8006490171497914,0.1849660546154075,Floração
0.21615405808722965,0.15701896825713357,0.45266122802835695,Floração
0.07497371446847223,0.7268801648625521,0.7213805122201226,Vegetativo
0.7985311539517745,0.12778535603894514,0.26207412901096616,Colheita
0.6182132734590183,0.313357482230477,0.34661267351057024,Floração
0.38333030871983464,0.10390871114409483,0.6220319381479786,Vegetativo
0.06553809660167087,0.07422746519831003,0.9212704662702959,Colheita
0.4141468971072575,0.6914924912921098,0.6259758904906619,Vegetativo
0.4677384404102056,0.6053319425623661,0.7025627509105529,Floração
0.7531967477108844,0.9890006227613171,0.43674861851305213,Floração
0.9944232663019268,0.6141840063174638,0.03952285703831582,Floração
0.4761740785905837,0.6546972844536971,0.22049714513625196,Colheita
0.479405138119402,0.7982263575361436,0.37145203097305557,Floração
0.3753044631312187,0.8537186241110162,0.9545300589796029,Vegetativo
0.7088510180869352,0.8064849300985248,0.9010055299300063,Vegetativo
0.4545457330259206,0.13541454688252264,0.10956708541408566,Floração
0.839915650662636,0.6251034107367209,0.6205131686854025,Colheita
0.3755907279634023,0.5872586394433713,0.5244072980411805,Vegetativo
0.0550587247747486,0.20501863955706412,0.907622566896025,Floração
0.0488557465502194,0.01222839089499328,0.33320584816836585,Vegetativo
0.6229621014011589,0.9595854608831771,0.12894400457013044,Vegetativo
0.0184050725056899,0.7722320013422546,0.7139393362479739,Floração
0.9159474015041296,0.1942926830844166,0.30398360340767827,Colheita
0.8189053458377799,0.5094662063290414,0.21867337799814535,Floração
0.11177193597076263,0.37294580230474594,0.3661195325584701,Vegetativo
0.5907184252226192,0.17964246130803097,0.869681079706609,Colheita
0.61559278690422,0.41402455401967353,0.7336231151532485,Colheita
0.6575342369725934,0.5685620418995516,0.3900799740894165,Floração
0.2577924582466177,0.09235969335102612,0.5608113113757972,Floração
0.2944825248522037,0.7811162443288133,0.25065639426660136,Floração
0.3955829840647165,0.5419973872479533,0.562249887444594,Vegetativo
0.032210712800122554,0.44589669623790407,0.807637058121329,Floração
0.6555511786503341,0.6520141327901899,0.3386508469372409,Floração
0.4173851850403415,0.2833729341899136,0.9238998170498675,Vegetativo
0.10930201122950611,0.555841413198305,0.7714772695298455,Colheita
0.5869073159524774,0.17807131573478496,0.26829150861260564,Floração
0.1534475299839605,0.08038181150841084,0.6916855545186038,Vegetativo
0.41496986129747604,0.44743736805380596,0.7553732681067312,Colheita
0.23840369836704645,0.7539889683816642,0.9364002093630545,Vegetativo
0.4851963170894317,0.9887436645917159,0.8682427273840073,Colheita
0.5515572301570275,0.9372321101720511,0.06072002479784555,Floração
0.5598707850040533,0.5460809184478094,0.9730758235307841,Vegetativo
0.7060458147884827,0.8455305727151086,0.9059914129490299,Vegetativo
0.4596690018394324,0.8590773360765137,0.3359646352283856,Colheita
0.21754765177424773,0.8090817235305888,0.11765486364401367,Vegetativo
0.47596011622585255,0.6691911475349387,0.6965845479817135,Vegetativo
0.15370140660781617,0.931355790981346,0.45986930122124026,Colheita
0.5828082945750415,0.9161773623519024,0.37811998082423626,Vegetativo
0.22817120890002096,0.9914070362394853,0.8389611857948365,Floração
0.7723805619144825,0.3983688331499853,0.732732721611338,Colheita
0.11595867820989436,0.3079133693457946,0.7240767293357384,Floração
0.2641840070282241,0.45244233291513825,0.5921046252270045,Floração
0.28019291834499616,0.5278077346844037,0.28057030671335537,Colheita
0.403061997428114,0.7389710275863186,0.7894807681468691,Floração
0.4059777735857646,0.21024527623428513,0.07543588277064894,Floração
0.2061185916571675,0.669308165910177,0.48801593297145773,Colheita
0.5594806144447831,0.42174879862644177,0.6211651837344744,Vegetativo
0.8787782509305223,0.6467131883206125,0.4218387750269099,Vegetativo
0.8387866651029927,0.9035234886491836,0.4888613198173839,Vegetativo
0.5299809951945552,0.356161566508137,0.008358719349639165,Floração
0.6123430312095983,0.8548454750912463,0.838832138551289,Floração
0.4598946963008723,0.08409784107930862,0.9759398620943209,Vegetativo
0.8524131459255553,0.2374112241078894,0.29908707114591093,Colheita
0.8722151361045439,0.04943630640175711,0.43428100924127766,Floração
0.5621125744875384,0.6376981924479046,0.48043642655027785,Floração
0.9585236274713305,0.48841485544251295,0.07705019805200164,Colheita
0.17177542177517413,0.3800540600179617,0.5304485215402999,Vegetativo
0.5697746675419083,0.26251890595794025,0.04215013211785246,Colheita
0.6601702032562228,0.9495191430764839,0.5092399724351216,Colheita
0.49246234590836735,0.1261522976038134,0.912849891584278,Colheita
0.9581165195864992,0.3642582569358437,0.8672268292269043,Floração
0.24049726762986678,0.7677832478123593,0.5681371231241478,Colheita
0.11622733969102261,0.15830564769721156,0.7543257019600653,Floração
0.8849131917009435,0.7277588970977251,0.25816064904637415,Colheita
0.7416809329529568,0.09499962724264321,0.37445436398534837,Floração
0.729006796057673,0.9206853194938228,0.05946328444964044,Floração
0.7576818426760844,0.8666049199352437,0.9110521767765722,Vegetativo
0.8062146040579954,0.4470038216624854,0.11464293920380775,Colheita
0.5716580996383244,0.6395006691661415,0.41871702264796873,Floração
0.4850799230069811,0.5096973839986095,0.05522100129754859,Floração
0.7893426836519952,0.3633273441809183,0.7910134106119054,Floração
0.10032106475784197,0.4664393174564536,0.1738558932276857,Colheita
0.7404714809444786,0.8846170995394776,0.8611896316423439,Colheita
0.7677357169501089,0.9171805870895722,0.9581386466097275,Floração
0.06834206230159512,0.972032378448829,0.23916356956154416,Colheita
0.8822571994635202,0.05805672001601914,0.8411114217797219,Floração
0.8968492799885774,0.904521937377188,0.9142579015504327,Floração
0.7857165920977666,0.8823827832334845,0.15520251567358645,Vegetativo
0.3086928744280051,0.8961903194024161,0.22345623282097182,Vegetativo
0.6298817813550716,0.8812071466988629,0.19060986451209383,Colheita
0.5641118432748463,0.38686703422500557,0.1439337865144752,Floração
0.07202661010040734,0.6373839021589878,0.5216329820585527,Colheita
0.6659636442869961,0.8341258137998235,0.31097401523882073,Colheita
0.24488063554126283,0.04628491910199728,0.07978592927801831,Colheita
0.21527109836702973,0.1570482889446163,0.40022038907935387,Colheita
0.8634195927085574,0.35974303870149427,0.7088623005675174,Floração
0.3571259206150873,0.8709600993437835,0.8821096935305731,Floração
0.4322056914141602,0.24467722056764363,0.9284946385204751,Colheita
0.7327426114902555,0.29084780856545867,0.31164011568361893,Colheita
0.8063241400242823,0.8617814734401121,0.08431234164754131,Vegetativo
0.34925888973542374,0.19472479321044955,0.7697868468853454,Vegetativo
0.04401453997838711,0.5920825083000854,0.4017550823663286,Vegetativo
0.3655885351579665,0.6084826946898215,0.2567476059218544,Vegetativo
0.08503650428958198,0.48071584661704914,0.28044544683231354,Floração
0.48405518379541557,0.7316467463013647,0.719544359165985,Colheita
0.4997520231966647,0.9355471923288847,0.9829149007032747,Colheita
0.8298865242359468,0.23788220606368804,0.4476293924242374,Vegetativo
0.7847115979342296,0.3644789678124716,0.49888135764521657,Vegetativo
0.15702468166543615,0.5469786606266578,0.8079728686050905,Floração
0.2453290790490562,0.13516345669781138,0.15834195779626914,Floração
0.45410848582571695,0.6001658493311367,0.7797999981834303,Floração
0.10871261895150042,0.08735713488378882,0.30462938285459695,Colheita
0.14907629168587155,0.4511331282259331,0.651554058456604,Colheita
0.9529836860906464,0.19396228543951655,0.4554999820067338,Vegetativo
0.5916977154659161,0.07638113450537509,0.06097964281173596,Floração
0.5305344568766487,0.3373329849479608,0.9887077765522104,Vegetativo
0.7329166422249754,0.6551762456490443,0.6218083423640616,Vegetativo
0.5416635981017842,0.6902466540234925,0.10031120454008802,Colheita
0.06336022474122893,0.816899095807677,0.4574904388758274,Vegetativo
0.9745968772533831,0.24170621753153687,0.46069519393433944,Floração
0.35451598438009835,0.8902414052701034,0.24894873644646975,Colheita
0.8395505291136489,0.4688246014018139,0.7155419981311371,Vegetativo
0.16527332480062773,0.6192103530703713,0.38301248077780226,Floração
0.24147202304714754,0.04746898579977499,0.8460619166608488,Floração
0.458373955797993,0.3291260875566113,0.6879769400420026,Colheita
0.771610654263544,0.5263788943391419,0.00916946583510081,Vegetativo
0.10389126748774347,0.88503211491307,0.12496456062264916,Vegetativo
0.8415243239161537,0.9383946042297937,0.4242944447421346,Colheita
0.4503062433322862,0.4041554490495236,0.6672478403889994,Colheita
0.5386767567555392,0.8882660313333369,0.8449268216964098,Floração
0.6159575872764248,0.8047016332800542,0.42583307737312337,Vegetativo
0.756607867426692,0.6496061310271027,0.7241154300874112,Colheita
0.39435160463381,0.09425639494658955,0.9374352709379686,Floração
0.05248884982945645,0.9859340383827334,0.005961563635431766,Vegetativo
0.3352562190782248,0.45181583765581124,0.8078179946725216,Floração
0.9537567960603395,0.608121409332074,0.5992886612672248,Vegetativo
0.5203698140581026,0.6820606292303523,0.1265390121544855,Colheita
0.7608566739340351,0.5229580489516867,0.5925623728062763,Vegetativo
0.2585946668295518,0.5370509446548813,0.1346095846722023,Colheita
0.5510706690847192,0.4512514444544662,0.8452925386493031,Colheita
0.2732728567461742,0.6528401570358815,0.9366109089305382,Vegetativo
0.15226811446718846,0.3823603600463388,0.5155128356070071,Floração
0.5273819210477453,0.8285694063055048,0.47091677533123155,Colheita
0.11183618840929843,0.4500500412955645,0.8065130276745562,Colheita
0.9327349892264266,0.38841113714228104,0.029673203356844757,Floração
0.19985681111243048,0.445292364269691,0.1269494331200508,Vegetativo
0.34325677038343516,0.5575896432836329,0.4117575162515831,Vegetativo
0.46045624684056785,0.6241125384840707,0.7790292396415861,Colheita
0.2522120540444842,0.6995342945695217,0.11038950978841067,Floração
0.24968926911078115,0.7299356742181992,0.533586667812835,Colheita
0.25697625465878304,0.7054179792155787,0.5014928215542832,Floração
0.7159170068984091,0.5541119248436829,0.5888658012009282,Vegetativo
0.8520579589055463,0.25587155519672755,0.9855939425654349,Colheita
0.8841764000006767,0.29355109626293074,0.16626998375849633,Colheita
0.08894803788225647,0.8069784756199531,0.8142155147636347,Vegetativo
0.42212465386441944,0.7689209704289602,0.4604344216644708,Colheita
0.7873623206271355,0.6692526390275485,0.9209006264891066,Vegetativo
0.7516799032592512,0.23733633788879172,0.9377236313387214,Colheita
0.13115452318739684,0.8285519803899213,0.998805406900533,Vegetativo
0.0464708278824254,0.20527623431709496,0.10129251161428199,Vegetativo
0.7436123536775645,0.07282611169874964,0.6611648148713074,Vegetativo
0.12907427321935772,0.973982838726452,0.49074984350027606,Floração
0.8872695258278404,0.882840627601907,0.7817259804973098,Vegetativo
0.8188922500374597,0.8158208296522115,0.6721331264580238,Floração
0.20264537080963907,0.9719090436634485,0.6621027900674539,Floração
0.08544338926643757,0.7289173373381288,0.6958065245191862,Floração
0.6090719146642847,0.0498831829655888,0.21692189148430818,Vegetativo
0.6969588203552971,0.4918294100599353,0.30578276749180244,Floração
0.8577084040854744,0.14588459430711964,0.629571428405567,Floração
0.4023383999424297,0.9228124449187586,0.7915429528731642,Colheita
0.7479474463762208,0.6178363907786356,0.5472792822213338,Floração
0.3151949287498915,0.86269515727902,0.6672804872004223,Colheita
0.08617977274636868,0.704000460086306,0.6766887642755652,Colheita
0.34375442472298134,0.04215529183033273,0.6901735578404385,Colheita
0.4843100347159669,0.2739303234387823,0.0029804759929936697,Colheita
0.10387584902549163,0.8780247303808354,0.2998603473489033,Colheita
0.23785065954235907,0.6242409687181856,0.7272383357303356,Floração
0.10452998468872388,0.07303494426736412,0.7393024010981012,Vegetativo
0.6243097701641963,0.8734127699944675,0.31849985703300154,Floração
0.26450813754476377,0.0646828552207217,0.5862304485847705,Colheita
0.02676941849080794,0.9734667513597566,0.1407462181388649,Floração
0.6816609377558744,0.010439028592411637,0.503133707063315,Floração
0.3128751149167275,0.07523593314101829,0.8762096127279189,Colheita
0.2958057474697229,0.8223323214416629,0.2720345821599769,Colheita
0.622353878388043,0.25962793386002025,0.6085661743381571,Floração
0.04595325267837891,0.9258315952650119,0.09046804726981117,Vegetativo
0.807480794053798,0.04564115942397273,0.06971578672995038,Vegetativo
0.7507317074403287,0.699063350074335,0.7585565388732297,Colheita
0.7817023309032634,0.6217106588819283,0.16706516841786445,Colheita
0.3864295911529355,0.9590127955974326,0.12717807077031495,Vegetativo
0.887517871589396,0.7104404331410525,0.8742409925781571,Floração
0.6156461241326173,0.6406129263838984,0.005734109561053025,Vegetativo
0.5554859490356571,0.03611259050581439,0.9510118590250933,Colheita
0.4269156544906415,0.4313100058344894,0.20015680725296459,Vegetativo
0.10338312635673663,0.8856425212503627,0.9545663979512813,Floração
0.5009069560904654,0.17198697753848413,0.29443106577580513,Vegetativo
0.8903374696103897,0.9913878953958873,0.7237659073324836,Colheita
0.21142645433751905,0.29485683577444544,0.05781070756258644,Colheita
0.9273972850809611,0.12103965356398416,0.1259471003525633,Floração
0.2701013026331963,0.45815904500730964,0.8284506779445998,Floração
0.021391068253611256,0.3730663118962838,0.55438133223624,Floração
0.14145748016587867,0.8122940730719772,0.2135039236485875,Vegetativo
0.36100279069692875,0.1918163618788985,0.13667156176713013,Floração
0.1349441305103034,0.3341214398047161,0.3311091842704871,Floração
0.5355796110150222,0.5340320803919654,0.8204856944813879,Colheita
0.9223998619728055,0.9470944912227104,0.9908707005730965,Colheita
0.46680371118050246,0.17135947907003524,0.5981422662610271,Colheita
0.1742544766417431,0.3723907262026661,0.621954877855554,Vegetativo
0.061004849354407864,0.5644385102950839,0.1285348133678469,Vegetativo
0.7901127479738992,0.6805779301813395,0.801736191067775,Colheita
0.3853072201086605,0.43521790362042767,0.18197931903767628,Floração
0.5438318791075861,0.811922791068453,0.389439830071758,Colheita
0.16986563467893634,0.18629009718660616,0.6875771643812193,Floração
0.14725261861403105,0.7092009966930984,0.27729992664049463,Floração
0.8186617607442659,0.7303403747453974,0.23724462667152046,Colheita
0.09320751058863275,0.6416052314157574,0.2785570131000813,Vegetativo
0.43593837504534205,0.15280892981705452,0.7039966293324719,Colheita
0.7902024231073248,0.25536039223665674,0.7346575645583923,Colheita
0.4605006015586479,0.058339489496696206,0.13653514721628357,Vegetativo
0.12678030426695686,0.29050194362452597,0.055829079304884344,Floração
0.776474209531148,0.9978199118706296,0.39822802873546703,Floração
0.3287001509631754,0.14457713899705127,0.7554572054842523,Vegetativo
0.42780980040662697,0.028730278377758656,0.6975176495266521,Vegetativo
0.412052211424074,0.6797360752602963,0.13135127243112132,Vegetativo
0.35366156137362015,0.40020863414256735,0.784606904012882,Colheita
0.6874342935294294,0.844527815815346,0.6456545244144065,Vegetativo
0.8161178197895468,0.13895890032800717,0.12393636344915837,Floração
0.34607749151996736,0.8075854987186967,0.25454098714657203,Vegetativo
0.36936268044772225,0.7522127562011166,0.26596665154668053,Vegetativo
0.4705023239733608,0.700979119102979,0.39932887066600775,Vegetativo
0.38194095621664736,0.6788110621749003,0.9812973405584009,Vegetativo
0.7573359099046184,0.9518810204205451,0.4986872445976296,Colheita
0.011644119742558856,0.4699548960294313,0.9854764915335658,Vegetativo
0.08359281534403862,0.346403956980768,0.31529002392310934,Colheita
0.5024765395978618,0.08016051545797886,0.17403513848731555,Colheita
0.9874380239299027,0.6091958226764707,0.43524650429898415,Vegetativo
0.4240137960929369,0.2272763627635066,0.2846999087618003,Floração
0.9551308405136445,0.9292773891706723,0.020727413993697708,Colheita
0.19470713940367623,0.3981122517527623,0.11910020008046507,Vegetativo
0.4430419964375216,0.8379673076550204,0.39557341117567235,Vegetativo
0.006602828996642551,0.46411841164743906,0.8174156639107363,Colheita
0.1702797130457283,0.9810380282782268,0.1224745068245493,Floração
0.861638176997041,0.3654933740067382,0.9148668111540554,Vegetativo
0.2785751086201703,0.35071483382160684,0.44566405878885906,Colheita
0.3023406646300074,0.6194416783568466,0.8533166619621136,Floração
0.943601751340889,0.9003994072553826,0.48655739624562466,Floração
0.4169612436382457,0.42340948587406546,0.77953883019542,Floração
0.983839047096657,0.8027385926525163,0.23375116528211914,Colheita
0.5996802899511802,0.005916807616958675,0.26129472255028197,Colheita
0.8289466449385096,0.3192793910127397,0.7114808750721182,Floração
0.8342254471137395,0.8746921881438192,0.15888341809546336,Vegetativo
0.9287389830864233,0.94974057072276,0.9741855158228344,Floração
0.17375243388039607,0.4151915767315161,0.16565717215216014,Floração
0.322906368176204,0.21781496099769748,0.46581978165402205,Vegetativo
0.6788209665094259,0.9809636884852617,0.46995540934706015,Vegetativo
0.3832086139237778,0.8757080378808643,0.2160423277038408,Colheita
0.928068306374003,0.16793014898849012,0.15655078451660553,Vegetativo
0.8623093992609132,0.37871657709955486,0.07975037866884471,Floração
0.5170509181047523,0.9054742901619421,0.97870870374038,Vegetativo
0.8576059283836945,0.8452117217948996,0.12554627339269098,Floração
0.8431796963333895,0.2233294302044868,0.09557062963163476,Vegetativo
0.24061130671380437,0.10873446482315297,0.7639166036189085,Floração
0.11959783641357846,0.2209177093864697,0.8600325663140388,Floração
0.6695517271521462,0.46315332143935595,0.5987434637418334,Floração
0.3859567814778425,0.7931407891442086,0.8367471430602574,Floração
0.9558082728058236,0.22714672336453,0.7717028259997353,Floração
0.554623797508601,0.24629427239308732,0.4652570850118939,Floração
0.10500456826244897,0.7815684029226744,0.9768726389543936,Floração
0.10254453855469481,0.819238112026551,0.23120805367182595,Vegetativo
0.5717282989426882,0.5917151557101852,0.44130728938772756,Colheita
0.002383536894732363,0.09648754460557707,0.025744199704478388,Vegetativo
0.18826871135958345,0.1170215323120809,0.2928167030035621,Floração
0.18824991499015664,0.8544829880857364,0.8250062434556291,Colheita
0.04991618519032859,0.3071179889932456,0.0909082478170542,Floração
0.14510806085756633,0.36593718553997756,0.2890679415566394,Vegetativo
0.3354293779816372,0.4162145758090271,0.09395022808813513,Floração
0.25358680707519055,0.21774594388591595,0.28052510883686954,Colheita
0.8253467518205536,0.12993459931141804,0.2204742417320391,Colheita
0.3943190605146172,0.6483911088801495,0.8652824795186967,Floração
0.9072379376778055,0.5077953382466438,0.04704227298294106,Vegetativo
0.20494178454812473,0.6859169729581277,0.033175457957198895,Floração
0.39606546187872727,0.06850940319336751,0.8094703458974363,Colheita
0.7517644533313204,0.9732281355840575,0.439423774434452,Vegetativo
0.0440873155701621,0.2331177161892829,0.5629943608745428,Vegetativo
0.9072239904243983,0.6023553622762741,0.8165763630117568,Floração
0.5212975554107248,0.6733957090104542,0.989809534737474,Colheita
0.45093805676969845,0.7553601589418065,0.45521142800594727,Colheita
0.9145524503419212,0.07127849635388306,0.11488894348523548,Vegetativo
0.363669157707604,0.7900358470018167,0.8184333733750623,Colheita
0.007995369031906674,0.4932556545766361,0.0940096940328421,Vegetativo
0.7147335352304959,0.6764993426749687,0.9868357067567003,Vegetativo
0.5122540985721041,0.11017807779413369,0.27784698880315806,Colheita
0.7643939279652209,0.7386400698070145,0.385170847676119,Colheita
0.9479547057167157,0.02874445703888051,0.7120164163053836,Floração
0.1250032461746009,0.8637822545477006,0.3841299512825189,Colheita
0.1706526667990217,0.22554372035124337,0.6611322918697395,Vegetativo
0.9510163788597294,0.9684010875072879,0.24256741207637023,Colheita
0.17144641108241598,0.9606654726001741,0.40476696685161795,Colheita
0.17887809152803813,0.6041484164015916,0.32297606534609946,Vegetativo
0.04765150347057656,0.034162462672018834,0.14619100968562282,Colheita
0.9090544822541827,0.3610501460750277,0.31458274232567507,Floração
0.020463896592960995,0.37466655742017196,0.15848689089797208,Vegetativo
0.9149531703291348,0.23725292525420527,0.27232576192261226,Floração
0.7395048532643546,0.1494380343064059,0.012134077676557387,Colheita
0.41186554231477235,0.7398163741499166,0.10794271743033002,Colheita
0.7157618182062573,0.8081795735317304,0.46222114471731646,Floração
0.587676690016486,0.45881506881027845,0.11940768045473493,Vegetativo
0.6239447442566969,0.7970525001209274,0.9074986770795106,Floração
0.4760787150168022,0.790706009530451,0.5147390486647844,Floração
0.5402253991723918,0.8524089987735025,0.42112724362502185,Vegetativo
0.1903588792211348,0.7669710997612531,0.14619058413548713,Floração
0.10796654595764243,0.8121210197905243,0.5425497652996711,Colheita
0.7077724390839366,0.8917496885428974,0.9065751471709925,Vegetativo
0.9589785203581411,0.8526920675549762,0.8872537233420449,Floração
0.5780504962898194,0.3821588658295415,0.5125414119916629,Floração
0.5328279511814127,0.20626151686258642,0.4179734123454779,Vegetativo
0.393148204071873,0.28762169950597505,0.08072051807511149,Vegetativo
0.14607779914139363,0.8038991459098878,0.763646546321974,Colheita
0.07975863891181678,0.9951575864442898,0.8480585938737454,Floração
0.7946629030019733,0.19877973602358412,0.5643429631554414,Floração
0.19566010316818472,0.8446347930900423,0.6467162245793094,Colheita
0.6260203891124043,0.9673649555942894,0.25450846396369164,Floração
0.6782503816212105,0.7936979418286013,0.9587141501220812,Colheita
0.6839656023192965,0.44823894678673626,0.4695834127588949,Colheita
0.37295489495128153,0.5779458030251563,0.2592408006672575,Colheita
0.929876960936973,0.14295176749826044,0.04271124396231529,Vegetativo
0.8112205178959873,0.987815593675684,0.3491440453068313,Vegetativo
0.470380548776661,0.7744502002812027,0.6096845815288976,Vegetativo
0.17811968335685324,0.8183923263485731,0.1863651511634068,Floração
0.743874831383996,0.11669542869136029,0.04371047928754623,Vegetativo
0.4931134090778331,0.044529039702729034,0.42621223248745077,Floração
0.10254766200880105,0.23465690297114283,0.5335258073296634,Vegetativo
0.006103281195179888,0.20544693084639198,0.3386049533136468,Vegetativo
0.9350816594157461,0.43095880131790476,0.22986949407708268,Floração
0.8028472302448716,0.2655859115326539,0.3471308489342053,Vegetativo
0.6887497343743272,0.9819172143110271,0.03259968185749473,Vegetativo
0.15619152529591585,0.11303596037496577,0.5950409305550681,Floração
0.8228636927534619,0.20879348252256946,0.9219852690405408,Vegetativo
0.1835914110389355,0.41426817130486315,0.8897234776434227,Colheita
0.848400893661146,0.5610389252608288,0.7902158306800066,Colheita
0.4815105039597146,0.586799988458248,0.35423309105513057,Vegetativo
0.34252946511038007,0.3027299401973861,0.6937380090390998,Floração
0.43716668059967145,0.5286144731312302,0.3906061587888625,Floração
0.9172641902526045,0.16602551421049805,0.11279354981422773,Vegetativo
0.16432475336094854,0.05582902756728059,0.9061527442956986,Colheita
0.7781117491608804,0.7903474403765267,0.3171484528859644,Floração
0.8329665063300584,0.8196402788478738,0.7575781090838274,Floração
0.7826928171039259,0.4003977475511339,0.8330810077820723,Floração
0.6600453639215471,0.28649540272768936,0.340945797972781,Vegetativo
0.15667102180571568,0.10389635324214275,0.891034916022758,Floração
0.7673688301711497,0.5166007999791181,0.28055774945698186,Colheita
0.4174353769132657,0.9001745666902776,0.3835797080959834,Vegetativo
0.8693806843688032,0.9920729008749022,0.08812564364343656,Colheita
0.6692001386825154,0.07328842698544547,0.5073150177394486,Floração
0.2146225279638797,0.8950997512559418,0.16691689017264533,Vegetativo
0.25362242796380274,0.5715779769370243,0.019337924261122463,Floração
0.6044662309055031,0.3969145620307625,0.5232997975646304,Floração
0.23910629262939698,0.5298085564458078,0.9118382911397824,Floração
0.9615649698200616,0.648405894466754,0.27748443804832823,Colheita
0.8963990221685388,0.4388034254228521,0.8799462660255399,Vegetativo
0.1569986528217312,0.6622842689424883,0.8797381391091699,Vegetativo
0.620196209112147,0.05292129139256885,0.33924712246267386,Floração
0.9096602009350518,0.6077332989372283,0.4079170645001473,Floração
0.2702356419332179,0.2886729163740941,0.120978395797951,Colheita
0.7011206196875985,0.9081824035909879,0.6337073224499523,Colheita
0.10333437382601951,0.5544017084108834,0.3871388064523742,Vegetativo
0.7624312475463102,0.23776648387479982,0.0026478481265446163,Vegetativo
0.6233650073826047,0.41168214081512555,0.8851876985462455,Floração
0.6935210107909577,0.7360107166385328,0.7585830821101912,Colheita
0.7176816431201118,0.2582813037019348,0.01732029378677602,Floração
0.29887179986427026,0.6547265368117696,0.5332803917391837,Colheita
0.032248173927984625,0.20939976842327612,0.17182086870098245,Colheita
0.9393546909944174,0.8605809802449713,0.14674474661001835,Floração
0.8247895522316795,0.46942902612928905,0.8644405531332869,Floração
0.48086472866715313,0.43870172918273265,0.8548491669540959,Vegetativo
0.30679350918014925,0.3708925426482268,0.10992174193012094,Vegetativo
0.618862588420072,0.8535890058577068,0.3893200757496772,Floração
0.8614112254384713,0.6339352258566237,0.4529750850759495,Colheita
0.8712901590491188,0.401714406209829,0.9762989660588208,Floração
0.19408363482394198,0.1389653709682387,0.44184100334527354,Vegetativo
0.2820683703130803,0.019892571693507555,0.721809808611117,Vegetativo
0.8308965196429311,0.11533429914690485,0.08760008167427491,Vegetativo
0.4735064095284778,0.001763942953989961,0.42070113189622627,Vegetativo
0.5517325723232737,0.11003371523442684,0.6620458838252586,Colheita
0.8210031899975796,0.2147203342967683,0.22804611946953268,Vegetativo
0.8018483048133775,0.04152878409333238,0.7681901430644891,Vegetativo
0.7008307385380707,0.4941728812460323,0.8718722091968146,Colheita
0.2237485352064671,0.11665338888270294,0.6089436387306563,Vegetativo
0.10283175644042764,0.9416751765830975,0.25535375097792745,Floração
0.5763223983414463,0.08208930668878645,0.2075529011286359,Floração
0.23681857010243446,0.14906854695164273,0.4627818557526353,Colheita
0.10766093151155731,0.8593266397496878,0.8888116647664313,Floração
0.4056335417685487,0.01936435547513171,0.7510458468317275,Colheita
0.7585709918342034,0.15423718659717756,0.18683089828775257,Colheita
0.22893865943063085,0.597817980914764,0.13576726688756413,Colheita
0.3746510313161088,0.3579588384036758,0.7564592079265243,Colheita
0.2213811736422826,0.21592447199028664,0.15695529706053035,Colheita
0.6859251808421889,0.7658288118933113,0.2872152004294247,Colheita
0.0759317132238353,0.7749495874312112,0.7096628621517221,Floração
0.8462663578422404,0.74120765835545,0.633398062978935,Colheita
0.24767096931249433,0.4421216092637342,0.5926111013041722,Colheita
0.807502558304269,0.8796059966637862,0.7437500778401935,Colheita
0.6368012547883924,0.1438123951610808,0.5248919806011811,Floração
0.9380046061680702,0.665892384273307,0.23927558949614713,Floração
0.026797535910870418,0.10692873958656368,0.37306823699412117,Colheita
0.012673754840247131,0.8758757773993967,0.7732107406068136,Floração
0.33910575027147216,0.2772561714495274,0.22953598578789425,Vegetativo
0.9941300669192612,0.9696426494224941,0.1463722438098375,Vegetativo
0.03198979544152247,0.010891746377981848,0.939787168311932,Floração
0.05740878656102044,0.7424995639824588,0.1606191039178314,Floração
0.04577046094173143,0.07736639289750757,0.4890004185095871,Vegetativo
0.576004813455945,0.49195622284995755,0.3156761413515977,Colheita
0.09023977875371147,0.7219573986993889,0.596246323971912,Colheita
0.9642910353240525,0.6103770817861117,0.7769802991116961,Floração
0.5328310889045381,0.12466079910412708,0.6835476946352174,Vegetativo
0.45332487551638256,0.49399033204785414,0.3374441363611771,Floração
0.10426549293650522,0.6249747427850346,0.6156885396441772,Floração
0.12223766777668887,0.7182033128482634,0.7274411115835989,Vegetativo
0.6265694082211697,0.2757373566451785,0.9153585523413529,Floração
0.8225919701591495,0.8589817596617506,0.4507104488222049,Floração
0.5789382559343839,0.6818737433596403,0.6326897042622451,Colheita
0.8559338066067893,0.35586259783934937,0.3917299403283734,Colheita
0.46398958434268467,0.40452203723134206,0.2852602311329975,Floração
0.7387769528278626,0.339806559166952,0.40599224126328626,Floração
0.08518498244731021,0.8610425721202004,0.7825219581047487,Colheita
0.26733340753209267,0.24052034392408206,0.11184859785361634,Vegetativo
0.5440925120850483,0.7209637630888772,0.23770297578970823,Vegetativo
0.25749835635349505,0.14792138787982234,0.8453791304805226,Colheita
0.941394309260062,0.4227413330378219,0.22495453533584753,Colheita
0.7640453318940303,0.34119995016425053,0.3308003784861998,Colheita
0.4965381077709202,0.26915450668949326,0.7136839822340058,Floração
0.20871364809993043,0.4960638447518303,0.5515793400346011,Vegetativo
0.5689503311708894,0.7404551326883387,0.19153705443927138,Floração
0.9130812602194681,0.7774732919083066,0.8733473893711617,Vegetativo
0.7304850663409604,0.46361188696315236,0.31884880300404217,Vegetativo
0.41484835977514,0.5105319226681836,0.2492466176124083,Vegetativo
0.33324226680737834,0.4086754919212381,0.15386609279231778,Floração
0.916863802949098,0.04321875991311097,0.9407649376050224,Floração
0.8761549443597113,0.974982844573102,0.6289515092107133,Vegetativo
0.7222993246310779,0.5839968101294293,0.2100894466883193,Floração
0.2689666343782551,0.6769794377777988,0.5788767425364462,Floração
0.7573187441039295,0.5315597879529863,0.32727585432747086,Vegetativo
0.04223686577555852,0.6625682797952992,0.23519356051306795,Floração
0.2956152891082222,0.47213419187795225,0.5674767370425543,Floração
0.2541093293670973,0.8524774796596906,0.44784561714784843,Vegetativo
0.2177213171077187,0.6522770904144465,0.37491704365790657,Colheita
0.9466930728047146,0.4560584043879611,0.7574205144076961,Colheita
0.3720363514811109,0.7755892108551687,0.8765000700160597,Colheita
0.8388826680463948,0.22758255293865703,0.3515445672338591,Colheita
0.23228460131160744,0.21401858663008233,0.2491094626667909,Floração
0.02957908903653761,0.8640583324049921,0.8691577227081334,Vegetativo
0.7249023406982982,0.24577709289820193,0.2284183467880937,Vegetativo
0.8214609320416004,0.799789331971954,0.7955079974106899,Floração
0.9439514653360304,0.0348645882844274,0.0943817900622661,Colheita
0.299350570255846,0.01572351398447791,0.7197034108673783,Colheita
0.8627635944960234,0.7052299634905832,0.09328765878472323,Floração
0.37900476055596166,0.19232090356775988,0.7625244218190812,Colheita
0.8976603986544336,0.8723459262643896,0.0023140593934672937,Colheita
0.7092273112279729,0.09122620569773854,0.6094714773148034,Vegetativo
0.2626393201896803,0.41177138265559643,0.6107696615773673,Colheita
0.6308552126433572,0.18704351044448997,0.9747142068856022,Floração
0.3817399118132597,0.15978326029120749,0.19334840806133868,Vegetativo
0.9065240395363112,0.9441377415783749,0.5721479924510201,Floração
0.7604366701345304,0.8550130652756026,0.2062260110834414,Colheita
0.2984085417129211,0.6561129180076016,0.7660617195213584,Floração
0.822449571767979,0.8477924285576642,0.7451038550575705,Vegetativo
0.44182523267248286,0.7715095480077782,0.19527728831188718,Colheita
0.7336396210802711,0.5938631275400048,0.26813042172818824,Vegetativo
0.8236489704974552,0.7255238678028727,0.7559476940842468,Colheita
0.5059701358575633,0.643825427049242,0.22324663575211823,Vegetativo
0.44503137148700755,0.6781003370409675,0.7174800496440099,Floração
0.27522743125829485,0.03308662119399386,0.5544085363967359,Colheita
0.36094834397236075,0.35194289285015634,0.3344305578181678,Floração
0.6729038878408784,0.3543605157867902,0.016831893148424593,Colheita
0.3055098461539145,0.6612401082776317,0.7354050698497697,Vegetativo
0.46998991560934666,0.7836894803136437,0.9995551565404904,Vegetativo
0.1867519806730189,0.6359122854883276,0.9809228700762191,Vegetativo
0.058545398118427516,0.8697389696583945,0.8016794220105086,Floração
0.93618975777598,0.9850681054282812,0.8669124281254573,Colheita
0.3716386405196064,0.6251258287843524,0.20106066641596632,Vegetativo
0.7795411201411061,0.11532836316478534,0.08473782056891943,Vegetativo
0.5993248844081125,0.7709622040008408,0.29255099888006464,Vegetativo
0.869421499142846,0.744654139952585,0.7090200791266853,Floração
0.34620885909639776,0.7623414565236186,0.007253613872499121,Floração
0.4047308710009161,0.2467903267355942,0.9187896331016218,Floração
0.7131465466113269,0.18426941448689216,0.8194101743058171,Vegetativo
0.17632192180665385,0.261593267036628,0.4696312156576059,Vegetativo
0.18083313300280524,0.32567732058329835,0.08816580769399962,Colheita
0.5216305189851693,0.05331822500766148,0.7899260043232166,Floração
0.2392670296290742,0.8182425403031991,0.0025857830916312663,Colheita
0.5747523107082743,0.6730089423827041,0.5507841266070198,Colheita
0.5657921030974993,0.46353356815721825,0.7374198259834075,Vegetativo
0.6013879268256549,0.9524409065067362,0.9017129119178162,Floração
0.34485403965237094,0.5969684998954681,0.5667445359901471,Vegetativo
0.7179856771777694,0.5571213224613398,0.9736903348685618,Colheita
0.5760485828150393,0.39814746560935954,0.31766902862166113,Colheita
0.1036121972837154,0.39514701774362593,0.5804043465988723,Colheita
0.26949479595723047,0.8564703738707026,0.5134545960831418,Colheita
0.03871573901152825,0.1265338292552376,0.15403367424818803,Vegetativo
0.5068075696520346,0.9829852609836675,0.4649367345727584,Vegetativo
0.06504057463187085,0.6964884284405655,0.6307867838014173,Vegetativo
0.5404140666136888,0.7983449262347359,0.6359292406908781,Vegetativo
0.20044329112384707,0.4762484012119219,0.18387935651558596,Vegetativo
0.001750309490585189,0.46099560748220814,0.43399251550730433,Vegetativo
0.5713736078220243,0.9398927128495236,0.3355672414046723,Colheita
0.8462076999360901,0.6133872062029179,0.8166628085698517,Floração
0.9411911362976677,0.3461055079844859,0.5140404468651837,Floração
0.4797527623033149,0.8762090508605553,0.8558571692112642,Floração
0.748119192942022,0.8908559706309314,0.46395431257124786,Vegetativo
0.01655717892819597,0.4489560384208169,0.6032329857634274,Floração
0.1654741487051844,0.32372609363738625,0.7332691113615905,Floração
0.0040007671489067365,0.15680750829383172,0.6713551408801791,Floração
0.5748340189670839,0.9264230829680379,0.09852257321521729,Colheita
0.17593937874684684,0.8408370097649022,0.9938383163755607,Colheita
0.4635008397682968,0.7529231083004099,0.6081113250319171,Colheita
0.687851564678071,0.7214372999790761,0.11510642749161915,Vegetativo
0.575483758048683,0.11377678504250932,0.70263460974968,Vegetativo
0.012151955083851584,0.23727063696316308,0.34398881357789046,Colheita
0.18802704617532473,0.4499909129862061,0.3324732969715787,Colheita
0.20966428231640033,0.7818345468007181,0.6834828203871964,Colheita
0.6502616090675841,0.08583697563152626,0.32103632807443916,Colheita
0.1309360583648218,0.3708866415152765,0.4825215793223059,Floração
0.005293892755965368,0.04382652371249107,0.29219956371223665,Colheita
0.6086181590939759,0.779086234520969,0.36172782460362596,Colheita
0.8059378648138944,0.4939323869962916,0.5858227182975246,Floração
0.6079775097933084,0.09063228901277198,0.812501958946876,Colheita
0.7069756154448391,0.19531781380230318,0.6532137928537483,Colheita
0.14836803083416927,0.010459591615972874,0.9219345277975208,Colheita
0.1757661401155277,0.4964247206373107,0.9902719777012025,Floração
0.21756453112925245,0.3793418674811616,0.5408263755913068,Floração
0.3980960548257746,0.883063912616041,0.2635610707136158,Vegetativo
0.5092958724744159,0.7219310844024777,0.6945576127722859,Floração
0.5983768927223337,0.45636544646750954,0.37433655268376265,Colheita
0.6304443553770857,0.775552627935161,0.5938299572631666,Floração
0.6110386831956788,0.3694603246135433,0.6249493833592621,Colheita
0.5399706905160263,0.3671265530929694,0.5443395625545099,Colheita
0.5267053784107827,0.6726879897375234,0.40256182724137846,Colheita
0.6172340082947758,0.06986363848268529,0.2631120752966696,Vegetativo
0.179668888048772,0.4628696518571861,0.4007803996655017,Vegetativo
0.4983739907798772,0.5181228383145225,0.7212963893958985,Floração
0.15976521835960877,0.3500202907175247,0.5841846061998284,Floração
0.2721024730857504,0.050042431344506144,0.24700689934140274,Floração
0.4379764207277438,0.19097245077051606,0.4714084843896733,Floração
0.870679795688497,0.03211544319731008,0.8371816909975721,Floração
0.9139146450614691,0.6780049220042468,0.09101368170103041,Vegetativo
0.10917289825718424,0.4971464926236917,0.8837656836968177,Colheita
0.9114847406500733,0.8960524808125089,0.9907186292460709,Colheita
0.253407401951101,0.2083013317097966,0.5730627429563164,Colheita
0.8008172405018971,0.7317445527249099,0.8166779715066681,Vegetativo
0.3833766968332665,0.09673238697968023,0.011212133649849299,Vegetativo
0.8431701412060119,0.053068597317018074,0.5432549136261946,Colheita
0.04078283344714906,0.6648881313854857,0.8470986731619294,Vegetativo
0.25946717051197854,0.8687620204443164,0.17938472793645577,Floração
0.339094075065433,0.11581409822725341,0.8560276201663887,Vegetativo
