cultura_demanda,estagio_cultura
0.167204409812705,Vegetativo
0.4860144592799627,Colheita
0.12730921147111496,Floração
0.6535296169072161,Floração
0.564948380313988,Colheita
0.16273689957766213,Floração
0.935327836966738,Floração
0.08585034209138953,Floração
0.15258556997465367,Floração
0.9034756648392643,Vegetativo
0.5439429135331373,Colheita
0.3254681701693327,Floração
0.8000920177357249,Vegetativo
0.6104835172229266,Vegetativo
0.9365866966955861,Floração
0.4298582116441505,Vegetativo
0.8491845755362069,Colheita
0.6546620426221934,Colheita
0.5902706676946535,Vegetativo
0.951632795689101,Colheita
0.4687389398926637,Vegetativo
0.6191491444029442,Floração
0.9986808598395911,Vegetativo
0.18450937916412813,Floração
0.3429759676689915,Floração
0.15660364193262422,Floração
0.9917825766487666,Colheita
0.12920759078011734,Floração
0.018895495616549685,Floração
0.1664544869069734,Vegetativo
0.555013765895359,Vegetativo
0.21381936303743,Colheita
0.6897805417647658,Vegetativo
0.08859960850860082,Vegetativo
0.23080518724814514,Floração
0.7769064091076433,Colheita
0.054978834393615394,Floração
0.835200955952206,Colheita
0.004097723351114024,Vegetativo
0.8217621721746556,Floração
0.799916737312972,Vegetativo
0.660951468549346,Floração
0.9875087202304955,Vegetativo
0.8832338398958733,Vegetativo
0.750420444856344,Vegetativo
0.28844698198726015,Floração
0.9811432027995242,Floração
0.10329911255418933,Floração
0.9155979630689317,Vegetativo
0.6771745683049226,Floração
0.7671304522486925,Colheita
0.636364323146475,Floração
0.2825164494042519,Colheita
0.09481794548284117,Vegetativo
0.5859295751189281,Colheita
0.05228162228971822,Vegetativo
0.3407969026871899,Vegetativo
0.828752664967155,Colheita
0.557510474813249,Floração
0.44252690400536954,Floração
0.4740189579089342,Colheita
0.06940508259671518,Vegetativo
0.7970779225411452,Colheita
0.8327277218392038,Colheita
0.7514753323939046,Vegetativo
0.46436549268994465,Vegetativo
0.5551051360414524,Floração
0.9126630204418905,Vegetativo
0.14619742316413176,Floração
0.5457785536097288,Vegetativo
0.7304556991492718,Colheita
0.9012514675054788,Vegetativo
0.09898539814000307,Floração
0.1081241257417963,Floração
0.9026679902500429,Colheita
0.21350771406570535,Colheita
0.8115063152934627,Floração
0.9404805737546521,Vegetativo
0.80166009857801,Vegetativo
0.9176884722288737,Colheita
0.33561088923179005,Vegetativo
0.3290604274313157,Colheita
0.35950946718774013,Colheita
0.03251227551638969,Floração
0.35175483972568156,Vegetativo
0.7600472200426358,Floração
0.8592772318819935,Floração
0.8407032733569962,Floração
0.8069746363354923,Colheita
0.25046077000976463,Colheita
0.8604072529700456,Vegetativo
0.16773130721423923,Colheita
0.8264976056465939,Floração
0.8172098246349235,Floração
0.03934708153587663,Floração
0.40708468719142077,Floração
0.9302935832179142,Floração
0.30357976809130927,Colheita
0.4496739896135984,Floração
0.05055944448396854,Colheita
0.8722917359025256,Vegetativo
0.6726130382983672,Floração
0.0912627710257764,Floração
0.9953506952787528,Vegetativo
0.39226935375103167,Vegetativo
0.5136550841294285,Colheita
0.8852711002402087,Colheita
0.2193892778679578,Vegetativo
0.8688817192238015,Floração
0.250237142312151,Floração
0.11259578837333184,Vegetativo
0.7291517891840563,Colheita
0.7765794271106974,Floração
0.07745372353046498,Colheita
0.8240649172044225,Floração
0.2577217854019055,Colheita
0.012528368121212052,Floração
0.032086646123959506,Colheita
0.38085314961838457,Vegetativo
0.7404217157153241,Vegetativo
0.3952274678742711,Vegetativo
0.7736652881410135,Colheita
0.32412268121225485,Floração
0.189900988827005,Floração
0.5798429617161346,Colheita
0.49338834582902713,Vegetativo
0.2516535623564393,Floração
0.3106628401438123,Vegetativo
0.3090261364815847,Colheita
0.0653053275017117,Floração
0.9030271776406573,Vegetativo
0.2738004137463532,Vegetativo
0.005695881907243683,Vegetativo
0.012704027019835529,Vegetativo
0.030124576947909487,Vegetativo
0.2617136393532494,Vegetativo
0.8533372265012192,Floração
0.9914387225654265,Colheita
0.7523859252519851,Floração
0.5902010375113232,Floração
0.14222608389485858,Colheita
0.0980831201329111,Colheita
0.8565121469072203,Floração
0.371528114109142,Floração
0.8735553124680562,Floração
0.4680001642562581,Colheita
0.053635938699624464,Vegetativo
0.18393653394429965,Floração
0.15426803573105885,Colheita
0.5763508789044982,Vegetativo
0.3284493523393711,Floração
0.6081172134378916,Vegetativo
0.537391517810968,Floração
0.18016562634743283,Colheita
0.28762191321914277,Vegetativo
0.15642709662275367,Colheita
0.598632564437882,Vegetativo
0.9656683309858056,Vegetativo
0.5258282622945998,Floração
0.20599653368583526,Floração
0.4612534545818837,Vegetativo
0.905512285675434,Vegetativo
0.33498845430042423,Vegetativo
0.4561220363871319,Floração
0.13689424018516694,Floração
0.09609829580529261,Colheita
0.7824901994762823,Colheita
0.098253145743317,Vegetativo
0.17194067606707297,Floração
0.9893615096758576,Colheita
0.020578703617441296,Colheita
0.9799180960478239,Colheita
0.4788941317740577,Vegetativo
0.2808763630242025,Colheita
0.63377116994961,Floração
0.4136365032232131,Colheita
0.5421171589298924,Vegetativo
0.683414966806731,Floração
0.35381583428333474,Vegetativo
0.02182738194277023,Vegetativo
0.1929098049660164,Floração
0.04075510451275599,Colheita
0.41253567002985625,Floração
0.5011188251011849,Floração
0.5553868658727258,Colheita
0.10476650802940235,Vegetativo
0.9413688493196697,Floração
0.7889287001265083,Colheita
0.5106351018868621,Floração
0.8578582464585459,Floração
0.5438979334255051,Vegetativo
0.8327408018861979,Floração
0.7632268713657197,Vegetativo
0.37417943894709205,Colheita
0.531430104692687,Floração
0.7890872729884592,Floração
0.9278736929977401,Colheita
0.40910320230643527,Colheita
0.8025227951488643,Colheita
0.692571451635957,Colheita
0.8113190289052662,Floração
0.6915855653298991,Vegetativo
0.0660380292680337,Floração
0.5248927923985255,Floração
0.14126601483898837,Vegetativo
0.8063477713019791,Vegetativo
0.62276313076605,Floração
0.22663321346195775,Floração
0.9683693426631088,Colheita
0.20350642726329937,Floração
0.8746187009622548,Floração
0.968471465973785,Floração
0.2596085257418347,Floração
0.03838520793806266,Vegetativo
0.44606341648101233,Floração
0.3413436168319406,Colheita
0.9389003513367098,Vegetativo
0.127016531898982,Floração
0.10522132434702236,Colheita
0.694874515638628,Colheita
0.983117628293131,Colheita
0.22343900205190803,Floração
0.7179228357543189,Vegetativo
0.34136891591475327,Floração
0.7014642484714292,Vegetativo
0.7032413427669156,Floração
0.9390680747739234,Colheita
0.07827819194125274,Floração
0.01490780170773931,Vegetativo
0.44094485432361796,Colheita
0.2847667166091872,Vegetativo
0.5249350811524695,Vegetativo
0.5870386932979664,Vegetativo
0.46931793559694857,Floração
0.08227177940180463,Floração
0.0518084890856545,Floração
0.6965104682287538,Vegetativo
0.3157806583425895,Vegetativo
0.9860839655005595,Floração
0.1891898994191068,Colheita
0.6146362288482615,Colheita
0.16681292835331318,Vegetativo
0.24312183124662423,Vegetativo
0.5214259176743669,Floração
0.417632880571461,Colheita
0.48804106297422367,Vegetativo
0.5783618194406298,Floração
0.37640792795665357,Colheita
0.1621689727190052,Vegetativo
0.5841292421757289,Floração
0.7473852585424835,Vegetativo
0.23259744906831925,Vegetativo
0.6653077661815675,Floração
0.23391210100071447,Colheita
0.545936136493197,Floração
0.1545447703794407,Vegetativo
0.3414448842580742,Colheita
0.48243162161260733,Vegetativo
0.2633427717983219,Floração
0.3813333727092344,Floração
0.825285103810391,Floração
0.27086241538013967,Vegetativo
0.49047088365327585,Floração
0.8691825660240533,Floração
0.9504217398920022,Vegetativo
0.7433588566888483,Vegetativo
0.8371732480769754,Vegetativo
0.2470540034597084,Vegetativo
0.3010851300900518,Vegetativo
0.7822488844200842,Colheita
0.4091553172808631,Colheita
0.7910074203895975,Vegetativo
0.8691134496893,Floração
0.7297308283615028,Colheita
0.9101682690241762,Vegetativo
0.8998759928774922,Vegetativo
0.14574642221243528,Floração
0.9814606456079097,Colheita
0.6490010049443825,Colheita
0.8018122485712811,Floração
0.1442674034625374,Vegetativo
0.06895132930163583,Floração
0.9515975624790213,Floração
0.9940315802315044,Colheita
0.45618324961329837,Floração
0.9064039893333343,Floração
0.8308670470574114,Colheita
0.18371182039276612,Vegetativo
0.8690270819539767,Floração
0.7353220725912385,Colheita
0.9600492022625863,Colheita
0.6331536984009128,Vegetativo
0.5155641857701816,Floração
0.8065603746068514,Floração
0.27898411114945887,Colheita
0.8603365439440446,Floração
0.980754979907644,Floração
0.5024560135490646,Floração
0.6574807117962853,Colheita
0.01204762996487141,Vegetativo
0.3747974469972206,Vegetativo
0.2807977957155401,Vegetativo
0.673824093763666,Vegetativo
0.3735382773907687,Vegetativo
0.15779346867260013,Floração
0.3765852966366895,Floração
0.30279572484831196,Vegetativo
0.742094944590898,Floração
0.7200375585869666,Floração
0.8303443135774382,Vegetativo
0.7018587955875999,Floração
0.12664674246034757,Colheita
0.7927879536961235,Colheita
0.7406718492928879,Floração
0.995564295096524,Vegetativo
0.8010796191201314,Floração
0.7444003026340374,Floração
0.019390153606401728,Vegetativo
0.8314808055347283,Vegetativo
0.9110170156113468,Floração
0.06810070817507119,Vegetativo
0.045033594935571575,Floração
0.6897722114247933,Colheita
0.23562935179663924,Vegetativo
0.7867201439314692,Floração
0.6815194949360454,Floração
0.31515142870645263,Colheita
0.3597302073840737,Vegetativo
0.3649411641087855,Vegetativo
0.943733586794372,Colheita
0.1598500451967494,Vegetativo
0.11617299286181726,Vegetativo
0.4638068739896488,Colheita
0.2893649738866494,Colheita
0.9815674022604154,Floração
0.3291618180859911,Floração
0.1030360547279322,Vegetativo
0.4462396693362696,Floração
0.834996166974846,Vegetativo
0.4212396411293441,Vegetativo
0.972750305086539,Vegetativo
0.391879354590677,Colheita
0.5416947548006119,Vegetativo
0.284283497456122,Floração
0.8563940655771637,Floração
0.7167851189625478,Floração
0.05956283930081341,Colheita
0.4872851177071532,Vegetativo
0.25068208574942497,Vegetativo
0.3851806766824817,Floração
0.4185992970611583,Vegetativo
0.87281586819568,Colheita
0.9738166791829612,Floração
0.41599069283920054,Vegetativo
0.7183868970853915,Colheita
0.38850299510937114,Colheita
0.13755814267636512,Vegetativo
0.5108596544379811,Vegetativo
0.689390300335936,Colheita
0.634464204081584,Vegetativo
0.3006276724600291,Vegetativo
0.4881534031472291,Colheita
0.10329964443482553,Colheita
0.5615633765202648,Colheita
0.5791170328181855,Colheita
0.8441946325177487,Colheita
0.35105026561688935,Vegetativo
0.21542124566263932,Colheita
0.9712898180589737,Vegetativo
0.6961042686002121,Vegetativo
0.627409133484817,Floração
0.0372415111637634,Colheita
0.5146582390841011,Floração
0.08890303779603659,Floração
0.5996567003688167,Floração
0.7527509633653747,Colheita
0.7218415994472426,Vegetativo
0.31223659973387896,Floração
0.6604941081799205,Colheita
0.008674517405016346,Vegetativo
0.8759892524593605,Vegetativo
0.8720280699495607,Colheita
0.1571091559820762,Floração
0.857742355477655,Floração
0.3557353439223483,Floração
0.6075396514480232,Floração
0.9475532280903854,Floração
0.7365537288910927,Vegetativo
0.8756426081460595,Floração
0.7492661081719445,Colheita
0.7075859644049165,Floração
0.10121561033021675,Colheita
0.9161136816109117,Colheita
0.6150002183472822,Floração
0.08923105075995941,Vegetativo
0.09212719207792863,Vegetativo
0.8357506325062153,Floração
0.9578810161407292,Vegetativo
0.47163594937336695,Floração
0.5014109114790235,Floração
0.43486843218243454,Colheita
0.45693215321624747,Floração
0.356855465236533,Colheita
0.8468861767625306,Vegetativo
0.6266152781499266,Colheita
0.5112788906905534,Vegetativo
0.7076850143778882,Vegetativo
0.7306219343076986,Floração
0.2108236057740227,Vegetativo
0.5768668260854665,Floração
0.9579567313182005,Floração
0.03407300093390997,Floração
0.5506991359819999,Colheita
0.5161509792028578,Vegetativo
0.7033161387969145,Colheita
0.11724782892617258,Colheita
0.40485062406852124,Colheita
0.48132426284443586,Floração
0.39252860986374616,Vegetativo
0.9866441411967429,Colheita
0.19501043456361522,Vegetativo
0.17926764662262795,Floração
0.46764700502094614,Floração
0.9536472726758202,Floração
0.7095386655947419,Colheita
0.3179967901112839,Colheita
0.24777216471950092,Colheita
0.2255398129705799,Colheita
0.44753861097171477,Vegetativo
0.5759631741057735,Vegetativo
0.6075925861355406,Vegetativo
0.26749047140246973,Vegetativo
0.6487285860151641,Vegetativo
0.3766360539319611,Floração
0.8393775913846916,Floração
0.17166535238912517,Vegetativo
0.08802094526082005,Colheita
0.8323358078706156,Floração
0.4188554342116514,Vegetativo
0.33526468169504875,Floração
0.9481841869201376,Vegetativo
0.15539074537568554,Vegetativo
0.8164231488184195,Colheita
0.4990576134381475,Colheita
0.806116799424773,Colheita
0.5846884691045189,Colheita
0.9676408015856446,Vegetativo
0.3916299982921876,Floração
0.24871523712172972,Floração
0.23119447203145715,Vegetativo
0.7410414692744842,Floração
0.329297884468123,Floração
0.9267719629960116,Colheita
0.30670505504582013,Floração
0.5964718291182647,Vegetativo
0.06474889421311703,Vegetativo
0.5040640778027484,Vegetativo
0.9667929876467214,Vegetativo
0.7262148309584536,Floração
0.9860702805000157,Colheita
0.8273849819714766,Floração
0.9025462405939799,Vegetativo
0.7682067641413363,Colheita
0.9224654736256204,Floração
0.05237649654662824,Colheita
0.7700945862765317,Vegetativo
0.1967773560128444,Colheita
0.4981258071766863,Floração
0.06207042679484642,Floração
0.558038680869798,Colheita
0.7784607092192863,Floração
0.7384956994513711,Vegetativo
0.4321907542555221,Vegetativo
0.3056362197028125,Floração
0.6385026374178578,Floração
0.055019492761198,Floração
0.9824308093765365,Floração
0.7561804940101873,Floração
0.9857202312800183,Colheita
0.7654550392007546,Vegetativo
0.6134041425555666,Colheita
0.364778705865181,Vegetativo
0.908334710211957,Colheita
0.2281890591191006,Floração
0.4932714044015596,Colheita
0.4309619133404442,Vegetativo
0.6489997718559377,Vegetativo
0.7717514687456977,Floração
0.4940959941975369,Floração
0.34845097998748686,Colheita
0.7623288767646431,Colheita
0.4696902782118433,Floração
0.7731909621102558,Vegetativo
0.8427198269980644,Vegetativo
0.7358294467987496,Vegetativo
0.32312227855258435,Colheita
0.9026414825676862,Colheita
0.908809360749307,Colheita
0.8356278502828194,Colheita
0.6962142765494342,Colheita
0.4680335102625365,Vegetativo
0.7578384004483498,Floração
0.21172014831963837,Colheita
0.5689482094996031,Colheita
0.4808481780603876,Floração
0.38847238551613916,Colheita
0.9260709390730271,Vegetativo
0.32465029599683937,Colheita
0.31715393532407465,Colheita
0.3796808718863445,Colheita
0.13985284648406948,Floração
0.4268661068377786,Floração
0.6366701479120521,Vegetativo
0.5132740861402337,Colheita
0.1950848787970747,Vegetativo
0.1844891653262679,Vegetativo
0.1041555659906388,Floração
0.5108443599917241,Colheita
0.4478805621107018,Floração
0.9418577820267159,Vegetativo
0.04544321299142162,Floração
0.16439840665763672,Vegetativo
0.6112876002487425,Vegetativo
0.5454489173882383,Colheita
0.2298503335505202,Vegetativo
0.5442401793369503,Colheita
0.9423347050407566,Vegetativo
0.12611353590022378,Vegetativo
0.552092619109277,Vegetativo
0.6447763617882474,Floração
0.9700937020209098,Vegetativo
0.6657312536497187,Floração
0.3954039611075775,Vegetativo
0.09225678316688812,Colheita
0.6526143627810377,Floração
0.8157859002994299,Colheita
0.6212462540103074,Colheita
0.6271271967129395,Floração
0.9209931941424765,Vegetativo
0.8832104651473874,Colheita
0.3733704232066011,Vegetativo
0.8140348490153456,Colheita
0.5792139687169511,Colheita
0.8817515957384254,Colheita
0.7641874514781716,Colheita
0.5143175517127023,Floração
0.6887095537752913,Colheita
0.2938410812676018,Vegetativo
0.19496789653953617,Vegetativo
0.8556701000556385,Floração
0.48373438185010154,Colheita
0.4189417630701747,Vegetativo
0.8918081850583877,Vegetativo
0.06582540828124361,Vegetativo
0.6801351235105034,Colheita
0.06304118339111764,Floração
0.07303841909430009,Floração
0.5654059180294092,Vegetativo
0.9119321610007425,Floração
0.7502693163908001,Floração
0.10276757263671266,Floração
0.3326238092384646,Colheita
0.9715890571633307,Floração
0.9464966924650644,Floração
0.24616546717940913,Vegetativo
0.9740106127677444,Colheita
0.5439229398116904,Floração
0.9556060345927754,Vegetativo
0.23039938112738834,Floração
0.42373115847700904,Floração
0.5656429456478443,Vegetativo
0.6528062112270379,Vegetativo
0.6628568529352623,Colheita
0.8598561461611666,Colheita
0.8756979030505156,Colheita
0.5289268719556625,Vegetativo
0.7113885336395217,Colheita
0.4993842942094089,Vegetativo
0.2380814817130621,Floração
0.9014620366290889,Colheita
0.6526225278047814,Colheita
0.9866424463016792,Vegetativo
0.7879045062883309,Colheita
0.5771046546248505,Floração
0.9994403584579882,Vegetativo
0.15654702843905433,Floração
0.2880355604940843,Floração
0.6208722210490336,Colheita
0.9661419441432448,Colheita
0.23239980970690577,Vegetativo
0.9552154262289793,Colheita
0.4654174538091327,Vegetativo
0.19252834834389787,Floração
0.8399368146676103,Colheita
0.7085252437965216,Colheita
0.7259619656479971,Vegetativo
0.9983717896496985,Vegetativo
0.5505707501829671,Colheita
0.4587570050992754,Floração
0.6909218392266058,Colheita
0.7256211121963941,Vegetativo
0.8387982751555334,Vegetativo
0.03330903918129502,Colheita
0.14333748778933342,Floração
0.499593082382622,Colheita
0.7281933454695793,Colheita
0.8122378916856968,Vegetativo
0.3368725255445746,Colheita
0.4792322266903547,Vegetativo
0.14016099170755447,Vegetativo
0.005764735705938273,Floração
0.46286330606268944,Colheita
0.9260029552744038,Colheita
0.9470969055286806,Vegetativo
0.28743607872402066,Vegetativo
0.03282333827534656,Floração
0.8171598535063116,Colheita
0.876001783831866,Colheita
0.8745478637116298,Colheita
0.2772140389870712,Vegetativo
0.7564616572686673,Vegetativo
0.44110215861856183,Colheita
0.11386651895016853,Vegetativo
0.6420928512639659,Vegetativo
0.81800351545857,Vegetativo
0.4919339771865602,Floração
0.3282355926702606,Vegetativo
0.7100905255045872,Vegetativo
0.04272963601527002,Vegetativo
0.17636182755732477,Vegetativo
0.5819529352969303,Colheita
0.5688001948686954,Vegetativo
0.17047661947081738,Vegetativo
0.3356302479246549,Floração
0.6069939125988396,Colheita
0.8294039010643129,Colheita
0.22797471992865614,Vegetativo
0.5070215486373626,Vegetativo
0.7093188241199407,Colheita
0.11065536621243588,Vegetativo
0.533250621511306,Floração
0.5030390190713634,Vegetativo
0.1674684664212741,Floração
0.35993264268900416,Vegetativo
0.9255656347846434,Colheita
0.045817357189443575,Vegetativo
0.33202408030006614,Floração
0.8504386586995609,Vegetativo
0.20577917056808204,Floração
0.4080922394408548,Floração
0.82543978447969,Colheita
0.9882102971136603,Vegetativo
0.7353700790504764,Vegetativo
0.8803262374388209,Vegetativo
0.5741651170203182,Floração
0.09667486606714204,Colheita
0.6759042307711913,Colheita
0.3825608851144213,Vegetativo
0.48846195722239427,Colheita
0.8851831223796237,Floração
0.23135000120419102,Colheita
0.5940370088775627,Floração
0.28203708821613427,Vegetativo
0.4211974327775815,Vegetativo
0.2714999057217875,Floração
0.09075244771838442,Floração
0.7570252057357316,Colheita
0.551950019111026,Colheita
0.0830783206754876,Colheita
0.1990224164204375,Colheita
0.5538429572220094,Floração
0.5922210871714816,Vegetativo
0.10452009314285293,Colheita
0.7492466862508714,Vegetativo
0.06029427265572507,Colheita
0.6129885484811444,Floração
0.6879544474762006,Floração
0.47489629808097056,Floração
0.314069688988563,Floração
0.3007818888051169,Colheita
0.4166326512086148,Vegetativo
0.19838024368759644,Vegetativo
0.20912088426655007,Vegetativo
0.4426330389821418,Floração
0.6454928421531416,Floração
0.1035705737747511,Colheita
0.2335969892051324,Floração
0.09810790175080897,Vegetativo
0.20889391096567833,Colheita
0.454693055553237,Floração
0.061871882736613926,Floração
0.24932659876556773,Floração
0.6885636385101555,Colheita
0.391404866360458,Floração
0.3803999953119287,Colheita
0.28626266167581516,Colheita
0.7884109840121581,Vegetativo
0.09825172951325101,Floração
0.6601233233715404,Floração
0.6948014633722773,Colheita
0.6748673511475048,Floração
0.4977297405776592,Colheita
0.3410758917744885,Colheita
0.20093717153833368,Colheita
0.1259565609741351,Vegetativo
0.7825281795191119,Floração
0.791247490099761,Vegetativo
0.01947445133129544,Vegetativo
0.21314495055651828,Colheita
0.47814984215337264,Colheita
0.43928582732286203,Colheita
0.43310756157498054,Floração
0.7740007688541269,Colheita
0.7589518807482782,Floração
0.5127947138598271,Floração
0.5984565478859672,Colheita
0.47502418541744196,Floração
0.8573657374800405,Floração
0.29693556613497574,Colheita
0.17646190307792653,Colheita
0.2167717656903766,Colheita
0.03109113900111793,Colheita
0.17502504328015778,Colheita
0.9912216101337027,Floração
0.43248043438147954,Floração
0.7211664729141744,Vegetativo
0.7947892521956001,Colheita
0.3577411834907208,Colheita
0.5417611900644977,Floração
0.1761096021642743,Colheita
0.10369616356388778,Vegetativo
0.10134989454243937,Floração
0.06536637406772405,Vegetativo
0.8460076699493446,Floração
0.7676554853161766,Vegetativo
0.7645853450590658,Colheita
0.5590853745944547,Colheita
0.1244936727254734,Floração
0.6375148889570917,Colheita
0.2616881254628509,Colheita
0.1471237709474439,Floração
0.7909018445378833,Colheita
0.3181906288834868,Vegetativo
0.6650152898551275,Floração
0.1343798001241181,Vegetativo
0.8728958318748458,Colheita
0.4120321519372867,Vegetativo
0.8402961535247427,Vegetativo
0.008208055304044781,Colheita
0.2511199327529592,Colheita
0.2621548973157791,Colheita
0.8277522737005062,Floração
0.666414410479388,Floração
0.5031390351640712,Colheita
0.30460134178040144,Colheita
0.6780165535923208,Vegetativo
0.42982968063310845,Colheita
0.12282761259689112,Vegetativo
0.2359327709340776,Colheita
0.9762235026559377,Floração
0.4270374314227465,Vegetativo
0.3304534382393939,Colheita
0.9574255098281208,Colheita
0.8862953196463076,Vegetativo
0.17856878229735063,Colheita
0.660849601420953,Floração
0.3532176311360582,Colheita
0.24447975478098272,Colheita
0.7330198665422413,Floração
0.6747482237331982,Colheita
0.6384082258382174,Colheita
0.8613783306377344,Vegetativo
0.6421461837657974,Floração
0.1870030675648685,Vegetativo
0.4907042524159808,Colheita
0.9745720814545272,Floração
0.7008779483479528,Colheita
0.8921179801202411,Vegetativo
0.7707721279763757,Floração
0.553140909433631,Vegetativo
0.09143275920150107,Colheita
0.8356581408324663,Colheita
0.7475826222603005,Floração
0.28641282385292044,Vegetativo
0.09242452251969269,Vegetativo
0.8597297873734224,Vegetativo
0.07587598563855291,Vegetativo
0.8179167739818103,Floração
0.7884986109344322,Vegetativo
0.062263104218705845,Floração
0.8340882350198106,Floração
0.6363302060224051,Vegetativo
0.5716765843003314,Colheita
0.782672694940217,Vegetativo
0.4311908553835264,Floração
0.08527545485296673,Colheita
0.38433583274930083,Vegetativo
0.3949235607573993,Colheita
0.823358459504175,Floração
0.9468720591211661,Colheita
0.10114240966608934,Floração
0.8066070499954887,Vegetativo
0.17717646337708404,Colheita
0.9294767244983867,Vegetativo
0.24198224450088723,Vegetativo
0.002740727499391138,Floração
0.8863245836839507,Colheita
0.09977798921250536,Colheita
0.7780365358878818,Floração
0.1611330846201322,Floração
0.06588493263904549,Floração
0.00755711899231426,Floração
0.25004241745006983,Floração
0.9944911970685647,Colheita
0.4381963754084268,Floração
0.9250066882788789,Floração
0.5304526783514208,Colheita
0.6323527538628166,Vegetativo
0.3976506715621111,Colheita
0.8696887580249019,Vegetativo
0.7350299520804516,Colheita
0.6489431979297856,Colheita
0.3163314467219632,Vegetativo
0.3932692470770719,Floração
0.8319015860764717,Colheita
0.22523104881454203,Floração
0.6223767161409766,Colheita
0.3538394871956493,Floração
0.34166201874244895,Colheita
0.38990609618009797,Colheita
0.8041780027941955,Floração
0.24996245980744158,Floração
0.8744664464377543,Colheita
0.684811688372565,Colheita
0.5336650731689149,Colheita
0.15623131218752928,Colheita
0.5965886231207832,Floração
0.6581632055513678,Vegetativo
0.3121631339632778,Floração
0.32576081332653894,Colheita
0.8026487333994062,Vegetativo
0.7799435789169684,Colheita
0.3931278100869511,Colheita
0.8139895088435647,Colheita
0.7180583951694742,Vegetativo
0.11278164570686067,Floração
0.08924540719143237,Floração
0.4913408499237921,Colheita
0.7433563634950412,Colheita
0.8922234415517389,Vegetativo
0.5574410976418276,Colheita
0.6106958220366246,Floração
0.02646814844623324,Floração
0.7982987446296776,Floração
0.7947186903865494,Colheita
0.9080448574973893,Colheita
0.44591200338474,Colheita
0.10214249731361158,Vegetativo
0.31474041191030566,Vegetativo
0.14212639342221234,Floração
0.10643069181096021,Floração
0.17034868680887605,Vegetativo
0.2788399516387532,Floração
0.6481440951882922,Vegetativo
0.3851785041903436,Colheita
0.07883538610935437,Vegetativo
0.7840891953576956,Floração
0.22604799233277917,Floração
0.5557848154224706,Colheita
0.2687155395705778,Floração
0.24592760798483548,Vegetativo
0.25428925962454585,Colheita
0.7100715956128787,Floração
0.5016987046779932,Vegetativo
0.027676421898014336,Colheita
0.19800288962979973,Floração
0.12642794971872484,Vegetativo
0.24856545832394927,Colheita
0.5475138564796214,Colheita
0.23404680661543087,Colheita
0.7919684150417581,Colheita
0.04606433000486576,Colheita
0.21170661044414107,Vegetativo
0.9456236157474136,Floração
0.25507491587450815,Colheita
0.48326615661658356,Vegetativo
0.7922283908523171,Colheita
0.6262561213328323,Vegetativo
0.05375462848630952,Floração
0.37794083775880905,Colheita
0.5460397518512776,Floração
0.31546399804828873,Colheita
0.21762614910291322,Colheita
0.969477453929017,Colheita
0.7615249244939036,Floração
0.8084792799446291,Colheita
0.3911369547892728,Floração
0.49691626931534294,Colheita
0.8785414133051487,Colheita
0.4169865086628768,Colheita
0.6929810510883814,Colheita
0.692007234561241,Vegetativo
0.4530045955295279,Floração
0.291752739910349,Vegetativo
0.8408661347950115,Colheita
0.4821544548621516,Floração
0.09992201356198072,Vegetativo
0.17281659812929162,Floração
0.8343642528051339,Vegetativo
0.3141445122975821,Vegetativo
0.8765012634501682,Floração
0.7504794221437581,Vegetativo
0.30124419352789855,Colheita
0.9228457780117411,Vegetativo
0.5053400533264611,Floração
0.978068019797796,Floração
0.7784156983793592,Colheita
0.9512909354056652,Floração
0.6062794341010218,Vegetativo
0.5576601104137682,Colheita
0.9321418601453755,Colheita
0.46713014463380675,Colheita
0.5829674288393254,Vegetativo
0.8119684404812649,Floração
0.40183441531637476,Floração
0.5741640707649502,Floração
0.8053672829523173,Vegetativo
0.10540987799717005,Colheita
0.3400536929627219,Vegetativo
0.9447980592674579,Vegetativo
0.28162367270232036,Vegetativo
0.14896295564517725,Floração
0.012873144553376736,Colheita
0.28661432988006597,Vegetativo
0.5383953715594861,Vegetativo
0.8703315959592091,Colheita
0.12301103345460962,Vegetativo
0.7190512010326736,Vegetativo
0.5277476165575679,Colheita
0.7045428269270815,Vegetativo
0.4343832147281338,Vegetativo
0.9890624251914749,Floração
0.06971771849964481,Colheita
0.43963174851396203,Colheita
0.3936759261557211,Floração
0.5718140103352164,Colheita
0.5424295094646336,Vegetativo
0.7077970583389642,Vegetativo
0.399534122969597,Colheita
0.7460965692814839,Floração
0.5726919950699371,Floração
0.7255527012774062,Colheita
0.5300597402326186,Vegetativo
0.3920140135843675,Colheita
0.39602739534600884,Floração
0.6006205552861722,Colheita
0.6639913279798959,Floração
0.6195935745632107,Colheita
0.3002341034385785,Floração
0.5257340463303871,Vegetativo
0.9592594701945851,Colheita
0.6766026027755954,Floração
0.04392094374593969,Colheita
0.40709875548661545,Vegetativo
0.8357188063203796,Colheita
0.4589643880973817,Vegetativo
0.006730747124386927,Colheita
0.047795037410948926,Floração
0.8900075616626846,Vegetativo
0.4308559873582337,Colheita
0.2438148180330716,Colheita
0.8218343249072583,Floração
0.6769455999681923,Vegetativo
0.7838290751914917,Floração
0.7747421477883083,Colheita
0.011339918799102344,Floração
0.7537281829475041,Vegetativo
0.0404739557775734,Floração
0.039765307971311725,Colheita
0.24418698140253725,Vegetativo
0.7880146777986273,Floração
0.3468610675990893,Colheita
0.46854028328394326,Vegetativo
0.5716220970080989,Colheita
0.7079275597264515,Vegetativo
0.785774649822016,Vegetativo
0.5449810945280154,Floração
0.03852995885006838,Colheita
0.27682192002708517,Colheita
0.13417356325481788,Vegetativo
0.917495028075502,Floração
0.28818755940011254,Colheita
0.652938960824495,Vegetativo
0.3616001449146842,Colheita
0.7919231873090422,Colheita
0.3741785037223363,Vegetativo
0.3655723923707418,Floração
0.9241776276249194,Vegetativo
0.7751890613589918,Vegetativo
0.030528454844301667,Vegetativo
