satelite_solo,satelite_agua,satelite_vegetacao,estagio_cultura
0.3770962730445012,0.45902544118438826,0.9703983061675917,Floração
0.13546255031004828,0.6121275881866861,0.006476616772790211,Vegetativo
0.21093561895083945,0.9404811604548011,0.5477691230545241,Colheita
0.055272244669703374,0.1057525442117293,0.579964710866225,Floração
0.911935683093341,0.4978143924837284,0.2718907838169523,Vegetativo
0.9174205094622514,0.5948994605883705,0.10740211198512095,Floração
0.644361708494012,0.9122583239520652,0.8793421841530471,Vegetativo
0.34614435475593874,0.8004334968856675,0.8486780075723469,Floração
0.788847734979744,0.4731069246183369,0.4086150364259782,Floração
0.020537540509073637,0.29990606663370767,0.8169369607956172,Colheita
0.758623833037306,0.516641356426863,0.8587509424838992,Vegetativo
0.9338391941221048,0.9681431541354367,0.8843819976671958,Vegetativo
0.14444839538238918,0.04130712313406437,0.4377516091737066,Floração
0.4492558512111612,0.6854712507477702,0.5547895967823473,Colheita
0.06690627134816518,0.27719189991178295,0.8437615794857922,Vegetativo
0.5575150168547383,0.9581039572362295,0.18756732192662218,Floração
0.6514832701620791,0.8872790592521345,0.35472087367249283,Vegetativo
0.45186854382471875,0.12428207353227161,0.19515855483004785,Floração
0.47628764741195384,0.7471181994680332,0.7515739437786778,Colheita
0.8770811580820582,0.8402305179482148,0.8213026822991155,Floração
0.23876737615131194,0.9736466394283135,0.27272801031184146,Floração
0.1742146630605934,0.8263600990456125,0.3296996635654872,Floração
0.8380146794826664,0.8967236082057081,0.7933387020031287,Vegetativo
0.8405146711159427,0.13571122678802516,0.7529078021170839,Floração
0.8281481274752686,0.5736751174457503,0.6048633025833656,Colheita
0.04844063198262816,0.26424226783896265,0.8024467658218288,Vegetativo
0.43617164676926246,0.14531104520287408,0.30469509927868754,Colheita
0.3967918947324456,0.8773360398621849,0.8326533018133584,Colheita
0.2515711856860785,0.45646566490667473,0.11048347392877311,Colheita
0.7585797419229948,0.5204488095213483,0.2659582172566707,Floração
0.8212909282614426,0.6396510043612327,0.9632301428046127,Vegetativo
0.5856781767353286,0.6828907315740874,0.6975364972676158,Colheita
0.08165228446218797,0.6856258588726393,0.7174774743728085,Colheita
0.9012716052583997,0.09419807642779521,0.5946038386009982,Colheita
0.7257188101740569,0.8638136936104405,0.7515342099560025,Floração
0.10617656524663421,0.18054093435646268,0.9242059548760956,Colheita
0.2668715168866391,0.4339845108635835,0.7363992801601666,Vegetativo
0.7198686957921234,0.5096570764997392,0.5982704247995286,Colheita
0.164154421287398,0.440208131114456,0.8663863267138389,Floração
0.9239845414661314,0.2195645671320564,0.10878015400195074,Floração
0.44296992949990055,0.756709904240786,0.737610132208252,Floração
0.41230890824248867,0.34603213525951704,0.8034045981132908,Colheita
0.7087822041967253,0.4038531975916262,0.6926253601886735,Colheita
0.16725165532759845,0.7363930624036724,0.7497407807295668,Vegetativo
0.17368380335773137,0.507844109965717,0.3123044315168977,Vegetativo
0.8220273062288476,0.3810773638238746,0.6249358593474439,Vegetativo
0.37423689023089457,0.988607049178638,0.8150074759491576,Floração
0.7994325597364674,0.10527765691877389,0.7915070206707716,Colheita
0.35923872060333406,0.15262335708179764,0.48060848251074306,Floração
0.8646766937585826,0.36584400387137683,0.7920711345403317,Colheita
0.821454337682641,0.647167802721956,0.9505275101193786,Floração
0.6149275101191428,0.5053559086251679,0.16716480921049337,Vegetativo
0.4253678292048291,0.4417775673911388,0.6371222223729579,Colheita
0.26761002551071245,0.22929574255895024,0.38488730335684207,Vegetativo
0.22175101614272597,0.35471294350456606,0.6590594476958443,Floração
0.01361765860613351,0.2676337369720142,0.6363956898803109,Colheita
0.7817185352922055,0.5690339636248574,0.08652696744469046,Vegetativo
0.982660593787341,0.18487642400176363,0.03590174918151978,Vegetativo
0.07880768009485495,0.21021095576481508,0.06869928214788268,Floração
0.872891465111277,0.5730800354892432,0.6859451361997474,Vegetativo
0.341872607468682,0.7271260338561811,0.49440965084151633,Floração
0.8666586475965591,0.005595896196575301,0.9919735717245438,Vegetativo
0.5970222681582923,0.5214611296182552,0.6161482025841927,Floração
0.23691428316835972,0.38371082644274834,0.5070529553748444,Floração
0.17476685713340423,0.7656167808430696,0.5550642702781794,Floração
0.2380953752857342,0.293231564055762,0.33328183980341,Floração
0.009439124100608765,0.39835963648046746,0.5965016546273718,Colheita
0.783413135040201,0.05480061318348184,0.2646147126264259,Colheita
0.07001771671651569,0.5991615581233692,0.03182765109711938,Floração
0.04591212922492305,0.01078456533254768,0.4986592639888118,Colheita
0.1698514119403134,0.034736027936106084,0.4856645996268276,Colheita
0.2390658368750621,0.33052891669559825,0.8615520435609391,Colheita
0.3049784399453398,0.33495410007165904,0.4882203750994196,Floração
0.6605716080753133,0.01066773677487054,0.8891263527047535,Vegetativo
0.6364648783009085,0.2913233879109578,0.2597251847311546,Colheita
0.6902321096541131,0.4105825858037999,0.3260968906082271,Vegetativo
0.19424057637754233,0.46914030724034017,0.49269847885528606,Vegetativo
0.6300310986827565,0.247275918912096,0.42484838611562215,Floração
0.9527889292701661,0.03459751475897088,0.932958275036491,Vegetativo
0.8647732907787297,0.23377696949459859,0.8582685527868141,Floração
0.14755150680403228,0.03774642383221227,0.33065384689942856,Vegetativo
0.5614152903637782,0.5500909998336616,0.25969257003322155,Vegetativo
0.44716559881061846,0.225509248345918,0.8153691171381716,Vegetativo
0.10690711629079808,0.1444125195649102,0.5547489065277351,Vegetativo
0.6145553498774204,0.4641948241973246,0.16694575716483406,Colheita
0.23834420489808394,0.443257696664367,0.5321872274127496,Colheita
0.915361710617019,0.9611029996498586,0.728390460056704,Colheita
0.2589372552079747,0.4278842374592685,0.6805790200230208,Vegetativo
0.14362067864414452,0.8157752434744765,0.8466715216527629,Vegetativo
0.5079382678388354,0.7537256460076953,0.6318280513780282,Vegetativo
0.9278993416245164,0.3824457922082868,0.3023153058542578,Vegetativo
0.8389236963098223,0.10868041953381025,0.5289772895886958,Colheita
0.9052212183245767,0.9096998929985732,0.29714714966978195,Vegetativo
0.4355161663012763,0.7764792300859452,0.6986059113525509,Floração
0.18528610541996737,0.3792903333591501,0.47154175015337674,Vegetativo
0.03862066288818777,0.9079935657242265,0.814814519190626,Vegetativo
0.22553748828959874,0.8587288431886418,0.7781842344126474,Vegetativo
0.5217346925055235,0.08359115029864705,0.43034494005581925,Floração
0.34079189368588925,0.09469542538257003,0.8819180343906237,Floração
0.8235209646094026,0.7772005472923113,0.07364893875449352,Colheita
0.9142438660198188,0.4128036685929062,0.7374878819804359,Vegetativo
0.3825773715917177,0.6502341680201968,0.9913700276722737,Colheita
0.9414186418262493,0.2858584710503791,0.4319827263497268,Vegetativo
0.25666683388024736,0.31011072427185193,0.2523297467881648,Vegetativo
0.15902242894787733,0.9453759410774351,0.8221265932291222,Floração
0.44500333344698906,0.5758723639180732,0.8386403617942572,Colheita
0.7607846111335477,0.6003640379788147,0.060481385254023357,Vegetativo
0.4325833657472571,0.9084595684353179,0.18339490537896552,Colheita
0.5561800862166556,0.7096614984030175,0.8186146190413841,Floração
0.7862587664599809,0.8709976858283548,0.6212207181452651,Vegetativo
0.648939566189741,0.24760580114723663,0.21268289778648186,Colheita
0.8638198293943191,0.5766954155967394,0.3046071877304768,Colheita
0.2197102789015657,0.7095116873163431,0.7264844838294935,Vegetativo
0.5094844259567197,0.6928102494760927,0.6593957035063288,Colheita
0.1369861884525535,0.6539983786624013,0.9681826188512388,Floração
0.30538187258381955,0.6727272419561741,0.6656589173422821,Vegetativo
0.3671105392758376,0.9745975760040093,0.611788828981188,Floração
0.9052306051433221,0.8310324290653934,0.5671049777472426,Floração
0.7959992175409832,0.5447807490047197,0.4646986828951115,Colheita
0.5648930497128396,0.5512185096255137,0.6546899775506986,Floração
0.9282057219542907,0.31159885049539693,0.26967229973152607,Floração
0.38842997087060915,0.09965546063633779,0.6553398108130262,Floração
0.14545049079205985,0.8623359827466214,0.9588858527044125,Vegetativo
0.3000288100547438,0.580800632450192,0.4495922368823322,Floração
0.376398919581835,0.9440642761655708,0.23744537584966818,Vegetativo
0.7147376899809371,0.6482834791797902,0.11227377890488299,Vegetativo
0.24515028303276165,0.4010681098525286,0.1902364526891951,Floração
0.8636527503674115,0.7005039939854971,0.4981925995061338,Colheita
0.16296296434863466,0.19268884380166773,0.06011385705911576,Floração
0.015528704771218815,0.1249366313957403,0.9777729683295068,Colheita
0.6337634371277375,0.43699185271922036,0.25499220809007106,Vegetativo
0.5140715345476194,0.11785085687760788,0.839432500141866,Floração
0.2717955447999243,0.30590178362494236,0.0808554608758385,Floração
0.10145175403838602,0.2163059458494786,0.7411886576436869,Floração
0.8919435067244394,0.07352019166593116,0.35118715692099534,Colheita
0.1781254060951133,0.8320732008124473,0.1819907128490611,Colheita
0.08733347672620051,0.2384116264332965,0.3302799953580622,Vegetativo
0.3793026083207909,0.9786614965606456,0.10804646912000515,Colheita
0.6205960324801629,0.6730454650531975,0.9384250792279676,Colheita
0.11496335044426453,0.43722458387569507,0.6350430903198404,Floração
0.7852083596532824,0.607243428854479,0.26137579718241366,Vegetativo
0.04870420097495942,0.46682900247112236,0.9472327148886563,Colheita
0.14843068313787722,0.7561281431444833,0.8363984615163319,Floração
0.6108002359252753,0.742935668234668,0.7171294880568183,Floração
0.6684988749468467,0.5341672643779876,0.20554230852674216,Colheita
0.32550012209009704,0.29504606228917163,0.749263072637283,Floração
0.7832931575294152,0.6510879635844181,0.015402470279530789,Floração
0.4331849378473034,0.14919270478700608,0.310200933843933,Colheita
0.32830519831261884,0.4751240689522668,0.3867104065585948,Floração
0.6108931279046167,0.6843663549757368,0.5624267165251339,Floração
0.7532151995932992,0.39929393108665145,0.4310633967088262,Vegetativo
0.23356171604218934,0.4569298664353456,0.7962364143158605,Colheita
0.5331409612028953,0.961467082818508,0.017442879809230427,Colheita
0.2815607669025235,0.05910411205213628,0.9566812121452621,Floração
0.8012395907172232,0.6756359181467058,0.16958472541406466,Floração
0.5071305091275764,0.9131623017586,0.8383642521695175,Vegetativo
0.12561665522465448,0.020401978025346268,0.3441376549042725,Vegetativo
0.7559496595195531,0.2501217655070187,0.9988924978949317,Floração
0.40308259263225077,0.6355728758447587,0.03045321394770628,Vegetativo
0.7361022829483527,0.5177568945719279,0.5521733551977956,Floração
0.7269685883976338,0.8303742214801852,0.5233737698919675,Vegetativo
0.18203613142983655,0.37575944669839967,0.1274108983369142,Vegetativo
0.05234951841052615,0.7823873594087555,0.1484818094314545,Colheita
0.602540619667941,0.0850409780556719,0.24280394873375544,Vegetativo
0.44975575299349746,0.4824291180300758,0.6744750518722785,Floração
0.6732505322125513,0.27105353618708916,0.36004769880746823,Floração
0.00403949309346141,0.07572841530903351,0.94863851108789,Colheita
0.03125904993689643,0.2043324846051976,0.5924451041134353,Vegetativo
0.18577166650656873,0.6941192014629372,0.3997337796260765,Colheita
0.518294319347514,0.9631840185922118,0.060072388802464904,Vegetativo
0.63986195269364,0.8993702111983547,0.18514145768275503,Vegetativo
0.09769729294300256,0.8986980907886248,0.5033654988220772,Floração
0.6516777710358963,0.3738037078172185,0.30591911657465454,Vegetativo
0.8954718251894681,0.30162287410223343,0.1223032269708082,Floração
0.20469358376271318,0.3382128220912768,0.966524845903835,Colheita
0.8814194376817729,0.0987824708421392,0.5474962786769269,Colheita
0.8570492882518738,0.42014380703592324,0.28160264430689963,Vegetativo
0.20475206698473136,0.11053179095269672,0.23720867336748253,Vegetativo
0.8621766593025977,0.916807828836317,0.9443574353158763,Colheita
0.4000110506889488,0.3361148598016711,0.3108588674569892,Vegetativo
0.8169561371795868,0.28849342708566694,0.8212213893613892,Colheita
0.626109271624172,0.18267670560137328,0.7636939508849606,Floração
0.34624632279838086,0.8574310103809669,0.061492697498965354,Vegetativo
0.3863303551592133,0.7982955440520398,0.6127637899485537,Floração
0.2805605764715188,0.9229652079906726,0.3981858882329006,Vegetativo
0.07109081222813618,0.8891235742397752,0.17676186578517739,Vegetativo
0.23251627498395788,0.16415340143426693,0.9132483832653613,Colheita
0.1608590346468548,0.2778024244749625,0.0363401249455888,Floração
0.6496844228063964,0.8363148569211146,0.822077251943807,Floração
0.23027175881534434,0.7549592535806788,0.8518600666597383,Floração
0.012673220698782628,0.2990747463406287,0.19817953641305497,Floração
0.5165743320608358,0.12825475068082892,0.9833765842072044,Vegetativo
0.45732476040306413,0.7418636058900551,0.45105949316604443,Vegetativo
0.24369052700793647,0.0282011347521538,0.689280064080599,Vegetativo
0.7452990117321363,0.29672616736564006,0.969247440110304,Colheita
0.017632881863075323,0.41573106610838795,0.5848120940992507,Vegetativo
0.05880675561077375,0.08563533910904852,0.988699985551234,Floração
0.4293381189900064,0.23343954853633642,0.908682110518475,Vegetativo
0.5018071411241075,0.8395716707867757,0.2111450334545123,Floração
0.0039907242574512836,0.7464030637336672,0.5259546397095486,Floração
0.878980093056464,0.5683049165490004,0.260212862152305,Floração
0.684596685409449,0.8516467495679441,0.1754947707753587,Colheita
0.935278682958242,0.6867382542588605,0.2628429823182463,Vegetativo
0.29488930893250687,0.9027511372045011,0.22199129754992042,Vegetativo
0.3603435826705752,0.8068030100731565,0.23192452430686739,Vegetativo
0.29980116592880157,0.9533069552424225,0.18215446806910163,Colheita
0.05641483344291809,0.34339590758909955,0.9275530069808224,Vegetativo
0.19110902821344977,0.8114239158252944,0.5640554514215773,Vegetativo
0.9450844996854972,0.14343591216672247,0.25005505664768135,Colheita
0.7177985840265264,0.6628372066992648,0.09619825989039477,Vegetativo
0.07800996487829748,0.1728491307467086,0.8021974254598673,Floração
0.43954189478736805,0.5047368344223522,0.008043377363502024,Colheita
0.9515538513152971,0.5273744893716079,0.5861408831641095,Floração
0.6338521677136406,0.920031499276569,0.5751361271844335,Colheita
0.19593892133519952,0.26196550236072436,0.9215149269699761,Colheita
0.6368788467718975,0.457591375955412,0.663876454190151,Floração
0.7236688734056741,0.47009928768464915,0.48467343686934994,Colheita
0.3258012357682343,0.9627326090114481,0.2787018688898344,Floração
0.3853730430818322,0.6094859920072657,0.4537416961874585,Vegetativo
0.6931077884160697,0.3607716152580446,0.849933606970488,Floração
0.5711481372256456,0.26359700486652526,0.9603039480468261,Vegetativo
0.26449205420771615,0.390161768879679,0.21725332856698432,Floração
0.6908577366405239,0.27734104060765963,0.038590419772195794,Floração
0.8308454710385084,0.7254699850580203,0.15609761919772913,Floração
0.4525857084351521,0.9313768108815702,0.4271360300756998,Floração
0.1848177069280218,0.9108839560129127,0.5920097959366061,Colheita
0.7237062149365827,0.6229233183584616,0.9796328716843027,Floração
0.06024452477193354,0.6301008908090325,0.5566735123240866,Vegetativo
0.6346006484230216,0.6324788459268771,0.33671465555205704,Vegetativo
0.15131165008032565,0.729478885014625,0.8189590842419338,Colheita
0.6255382859360304,0.8166387158229959,0.2674544101009405,Vegetativo
0.29012012099490625,0.6072593475211597,0.2889761206482254,Floração
0.316583450007058,0.903793362308452,0.39706525119205416,Floração
0.5748110045586948,0.9289814419106855,0.9168706933299754,Colheita
0.24759285372306572,0.2676157645532583,0.23590060016839165,Vegetativo
0.616443251939606,0.8406445852938943,0.3964679847502579,Floração
0.5066910261639187,0.5119656056357861,0.854533497904175,Floração
0.7307479536652314,0.38254103880345014,0.7995217954907547,Floração
0.8423262442563613,0.3855577042682581,0.6870984165218027,Floração
0.5248301364960828,0.019086968037997476,0.4506954282536779,Colheita
0.968522604795727,0.5698785764963971,0.8161256682814069,Colheita
0.08178740509434035,0.30120624217912595,0.3286307852169156,Floração
0.8496577207519049,0.199195237514035,0.6671416834536149,Vegetativo
0.2781313281807326,0.9213632782114066,0.8199083859295849,Vegetativo
0.46504343328893827,0.11296177488897474,0.04388033531318203,Vegetativo
0.5648763191976829,0.8385042456207721,0.8123405051910891,Floração
0.6175109405634194,0.9487321527739409,0.8598327415857507,Vegetativo
0.7840610364574917,0.20398242143930523,0.48689208184857724,Vegetativo
0.9875126780550476,0.6490229305104073,0.3526314835906281,Floração
0.6573704498213033,0.13917310866711785,0.33290908398766417,Vegetativo
0.13954881615762493,0.8970820583767731,0.9581721822015691,Vegetativo
0.5643056414302206,0.0441318341913397,0.6215264884778998,Vegetativo
0.17609889938431889,0.31285361206862305,0.6321339726903291,Vegetativo
0.38600360390300126,0.3436398586390236,0.10366529971795013,Vegetativo
0.10492966780591229,0.6918205197690938,0.04687762258098582,Floração
0.6334883793521224,0.302592659953716,0.1839332635105908,Vegetativo
0.5549649903586749,0.9166901515416526,0.28433052678428494,Floração
0.27775903048702866,0.1469474289713325,0.5524980322945934,Floração
0.9442748803945095,0.058397055617959936,0.8684471766376508,Colheita
0.20684909825503917,0.09701636019328486,0.6385660896057234,Floração
0.33855303711414264,0.6935319144430203,0.9986337862775642,Vegetativo
0.5609476423586411,0.32254562819505883,0.7839497634761234,Vegetativo
0.1251503831981564,0.13949203148886946,0.5391843787452946,Colheita
0.3651885346111018,0.4159318541033268,0.05831362097661508,Floração
0.5508274999917614,0.4616176710383686,0.6042915240016751,Floração
0.9659558001435882,0.09738145072346593,0.1617747076004935,Vegetativo
0.47176928584490907,0.7939882906056264,0.23606880415049747,Floração
0.09891394721262348,0.8438108602322993,0.08106819279145383,Floração
0.21114773082915406,0.6023290800522026,0.6187966034628302,Vegetativo
0.457246418812398,0.5818683144966372,0.0651502009824888,Colheita
0.3313185737051585,0.4463776844503512,0.7780148483599304,Vegetativo
0.33220597338245317,0.3366398639228252,0.5117124569030508,Floração
0.805605628956286,0.08923623196734265,0.2930793165800549,Vegetativo
0.10064829595009361,0.014137319687183791,0.9080109217621319,Floração
0.09371828753995115,0.8681291475308345,0.09522035928538952,Colheita
0.9381987149852502,0.6563788703573095,0.6786511119082713,Vegetativo
0.26543521960460004,0.12317079467162984,0.28224317276375743,Vegetativo
0.012140463738923635,0.9236593271434359,0.611438214795147,Vegetativo
0.8999608041112156,0.5267927956550753,0.07898908709933417,Colheita
0.524212498615754,0.1459040882928131,0.8980601154243096,Floração
0.2673934632711986,0.4979218496321064,0.39592420184212773,Colheita
0.5067776871978047,0.09960546643773627,0.938245807830006,Floração
0.7593112962530814,0.14251265979498928,0.1347737343763611,Floração
0.716875503144252,0.980540736114411,0.146772151331523,Colheita
0.5919127374610718,0.10577265633760446,0.036454690619783015,Vegetativo
0.2969890521567955,0.08003004305104844,0.5824733651416455,Colheita
0.08760269366149365,0.5440438567099393,0.6049996798403412,Colheita
0.8147925469308546,0.3615790246719538,0.8896581269617875,Colheita
0.6722943278162662,0.7598583619550643,0.9715250994311787,Vegetativo
0.9068811259869684,0.6057260406271797,0.04443528177419076,Floração
0.6224346007346527,0.6704461952258571,0.9134283818287511,Floração
0.19080894033390394,0.0006733694237223142,0.6865723064825299,Colheita
0.3911739955541871,0.5788421327475385,0.8244499927129273,Colheita
0.392393736902395,0.3943030725657112,0.6948326564622445,Vegetativo
0.802147938993738,0.41863224847017555,0.06367116743661705,Colheita
0.29416341327432316,0.8859413086219531,0.6517705808244771,Floração
0.880954978083869,0.7173614544397633,0.45435520945736796,Vegetativo
0.6600722997301826,0.18045347043267468,0.9487881055170627,Colheita
0.1283105672499384,0.38208414140939007,0.8358965643161487,Vegetativo
0.00872073637805848,0.7867503857497263,0.22699386417629785,Floração
0.5407108139917223,0.04093380288798387,0.9435943380432056,Vegetativo
0.9022785799008523,0.5217653874508722,0.8888500473947127,Vegetativo
0.9167113362357607,0.15065010419295222,0.6361493600130483,Colheita
0.34001858416547337,0.13773439594271275,0.787244605029864,Floração
0.9903847526736058,0.021260961134646594,0.8594596737837343,Vegetativo
0.8320165733956554,0.9926768227617279,0.946583141913842,Vegetativo
0.6448279202355989,0.7239956265107357,0.2560888372604293,Colheita
0.16096703090395037,0.20988346234863864,0.3929946240931026,Floração
0.3297101222479282,0.9868864132034517,0.8078549797210333,Colheita
0.3000244779145248,0.16610468386043775,0.07589629674176979,Vegetativo
0.44875675586204355,0.8932995513751879,0.03132614589092764,Colheita
0.30920172577537164,0.9356066840258306,0.8797435710906945,Colheita
0.7971512974212707,0.5391427047639867,0.8094791817434958,Vegetativo
0.9658733749678932,0.9614945291104288,0.7721898391192463,Vegetativo
0.36026644128663954,0.5678651697271153,0.37637824391771424,Floração
0.7046694956517593,0.9136448956925574,0.4336296341545791,Vegetativo
0.08199052094969284,0.8159810394817091,0.6421565765256498,Colheita
0.9601812894354664,0.8151779011757904,0.880112631007075,Vegetativo
0.546270133403432,0.6928889485295255,0.10490785198417685,Floração
0.7760140632916316,0.00647103790143444,0.6457359263199145,Colheita
0.07942391902268608,0.7521933934489737,0.21953054828623264,Colheita
0.9827737453149215,0.4815245426021426,0.1699716387464657,Vegetativo
0.42701898352465306,0.3416422449031179,0.8921395574281628,Colheita
0.04623508970848267,0.15693872298103706,0.9069258792672299,Colheita
0.35980248262639525,0.7609012858724581,0.9918889601446047,Floração
0.35744947025746276,0.5464894003340132,0.4741681901938436,Floração
0.9037900693095549,0.1765002687652799,0.4098894968816046,Floração
0.393613528422852,0.8313366350786945,0.9638388692681963,Colheita
0.034348323652729995,0.8918389254843088,0.8578528868646953,Floração
0.35119168332181794,0.9827408669838056,0.04143040624966343,Colheita
0.9973893105758043,0.519206512020714,0.35345079632947973,Floração
0.998766984724186,0.5994744016273592,0.26755764155212103,Vegetativo
0.8491764084443649,0.4588525355068034,0.8067745047005587,Floração
0.9722197846526965,0.30734969916946264,0.4497019301053865,Colheita
0.27870132766571554,0.5838407675992897,0.9588478745942359,Floração
0.9933716268117783,0.7672067638167792,0.6442972453778445,Vegetativo
0.43862513099983513,0.5406719974703662,0.7581193807630188,Floração
0.15015510729244264,0.8631176635997758,0.8942148215925295,Floração
0.21528983617495423,0.3476782408887661,0.4533376878137032,Floração
0.6350070002304881,0.3894038903447995,0.2532776115139812,Colheita
0.10975618403131926,0.4475861903879469,0.007449786571477546,Colheita
0.8755467714640028,0.48400168405312616,0.6055491121322383,Floração
0.7164155750974894,0.8651179239926551,0.46609025795286696,Colheita
0.2591253811938822,0.2331882800247519,0.10099811274380621,Floração
0.9614134299808035,0.2094816244049892,0.43897060262291154,Colheita
0.4135074787195032,0.3205892586360226,0.573384708800317,Colheita
0.4538104272584772,0.7561808574203016,0.48493016682768986,Floração
0.9887694158678519,0.6668807662478345,0.7810794674996351,Colheita
0.019772355484118487,0.7107864011237751,0.1289835480629471,Floração
0.6823267732406314,0.8742437919487094,0.4068504066476094,Colheita
0.8980283119772242,0.2854789040282576,0.8442491327863425,Floração
0.5706913720094273,0.5115480572049753,0.16308443879573986,Colheita
0.32788505193880924,0.44683694040549726,0.22896283380642923,Floração
0.5661487898604618,0.24770306320199909,0.5548172530830026,Vegetativo
0.6919881154016038,0.016591198752256897,0.19796778228765843,Floração
0.9546667492735142,0.8466304270497832,0.45274075346115683,Vegetativo
0.19602083639709345,0.0659863696217714,0.5000823834246061,Vegetativo
0.08887870936428366,0.7454034057807158,0.34299533657012315,Floração
0.5963853891249647,0.15285070241965404,0.18162757566636467,Floração
0.6000171847553006,0.26392390625605877,0.4339700975251082,Colheita
0.11549500733833096,0.644116089219984,0.4770185664836576,Vegetativo
0.6998866027727243,0.5744919850561212,0.7171424545072601,Vegetativo
0.08531816115881763,0.674905726025915,0.9332365779301632,Colheita
0.7726162055068663,0.9945774168081992,0.021625253972418657,Floração
0.24822270711521288,0.8093766349450724,0.5560761425959072,Colheita
0.3316145298269284,0.9100205873973791,0.5759372091168373,Colheita
0.02238935974345113,0.7935062630448093,0.47246700212431336,Colheita
0.7571200908664636,0.7614843605226045,0.24867088694561357,Vegetativo
0.28961546999116883,0.3237161376602815,0.10312354642932009,Vegetativo
0.24132701589296057,0.41331638937046244,0.7774107788046851,Floração
0.5088922963341955,0.6849195534245592,0.842027199315175,Colheita
0.48204469258848315,0.20506927020612353,0.9083549412650117,Vegetativo
0.28712168016814144,0.0017142201799295043,0.33482856048892273,Vegetativo
0.9645213030868267,0.763747216017022,0.822348256619026,Colheita
0.514015060605267,0.3367552686643692,0.7361552842041915,Floração
0.2625808043563974,0.9851513626396058,0.8475293673418052,Vegetativo
0.5407672126403686,0.46199427577216956,0.5766529371289336,Vegetativo
0.23454415841085696,0.26054202330272547,0.8683482216130852,Vegetativo
0.19336394891414577,0.6512308660788466,0.02141935542718154,Floração
0.3962707561907207,0.6683882067207704,0.5036919562726688,Colheita
0.7546677476446405,0.7352231150883445,0.5536310404909701,Floração
0.11043786662584087,0.6269943241620087,0.872824950631497,Floração
0.4988001899627793,0.30578600068241046,0.019339166945144814,Vegetativo
0.06009440766354934,0.9683069874713536,0.6145489688560216,Colheita
0.3817525349695865,0.607141836644973,0.28199172074706824,Vegetativo
0.26897240735768535,0.7933363710082337,0.5921995047009215,Vegetativo
0.08447094204507055,0.5132507174817269,0.3208485006066968,Colheita
0.20929581728003166,0.970620240376595,0.7943386627340058,Vegetativo
0.5254326501674709,0.00961864698671433,0.6369777405184868,Colheita
0.8556304374186569,0.2494861627421756,0.21119751066842996,Floração
0.8019872216556426,0.3105134182318684,0.7819258394550531,Colheita
0.13584681325437986,0.014308623892276717,0.45091047671626827,Floração
0.8955747158267473,0.9025777597338767,0.8309958929859255,Vegetativo
0.1535253348068647,0.030841865593186135,0.19447743717032784,Floração
0.04866230434236585,0.49145296808592986,0.4261560493501263,Colheita
0.12038353528493251,0.5974920727045887,0.6571677822888995,Vegetativo
0.021264218153349335,0.7318892333331897,0.2406119588576201,Floração
0.09432944863674442,0.1384285697322235,0.42987607829580954,Vegetativo
0.5459856180891063,0.9417958469879744,0.12380687900371945,Colheita
0.20614856088239863,0.9085116264924963,0.347797248673148,Vegetativo
0.9913627763866987,0.8959821486642093,0.4305918896251789,Vegetativo
0.5611474933549404,0.7302001604020509,0.1393940055472097,Floração
0.04140998899184556,0.46301356034789387,0.05255637192625251,Vegetativo
0.6485355337277167,0.2806892361836597,0.8794253243920016,Floração
0.56431560711001,0.11871182247027312,0.5328972776392495,Colheita
0.7258912633215779,0.5970195560746483,0.12605114811160267,Floração
0.9635091636450946,0.44444907368073494,0.13248154312488558,Colheita
0.2724238869456841,0.07252302116339693,0.1464978258907237,Vegetativo
0.3345004675791592,0.662555974088297,0.1290947061340445,Vegetativo
0.4959534639551182,0.5518142277834809,0.8349813510266866,Colheita
0.9108457752147199,0.5268555044839658,0.579859968560356,Vegetativo
0.64508792968163,0.6195166415560305,0.4130565922698062,Colheita
0.6965904885186446,0.029221649261637395,0.9888646225944706,Vegetativo
0.44319539965274724,0.8032656576370752,0.2243459160335507,Vegetativo
0.9477752909274559,0.054357118772648594,0.3431358121995257,Colheita
0.5472389850514099,0.18819721048874616,0.8155399352082892,Colheita
0.3573761927996274,0.7610313118937942,0.9652314101026637,Floração
0.15079310898101694,0.11798291236456537,0.4960746751573244,Floração
0.8720860449498941,0.7811662617916055,0.6088828640310145,Colheita
0.4978109322516383,0.5680485974886844,0.5690822961914477,Floração
0.8823559681799849,0.7513192608561575,0.12071973109223055,Vegetativo
0.482902176350128,0.8581177664276085,0.18284336886917163,Vegetativo
0.3098750231504517,0.10123604856386159,0.34223059135820966,Vegetativo
0.23889232546750983,0.7160592917924152,0.831575660085946,Vegetativo
0.07968044136317398,0.3838391398434784,0.9109614016939438,Floração
0.05042864115626877,0.20556215291447777,0.343024376071289,Colheita
0.6574136174519383,0.05043313576706543,0.46727417196257415,Floração
0.3749073635566742,0.8441315203657248,0.08546177954353651,Floração
0.7928049632772053,0.005369650284397509,0.708272333310967,Colheita
0.3656947898411774,0.412467830285808,0.19358185199834566,Colheita
0.3726409502805943,0.8198436908391992,0.26092509969919575,Vegetativo
0.22345150819638715,0.20216293059749202,0.3357749481737209,Colheita
0.5231424385891051,0.5327747624811301,0.7715149649791287,Floração
0.7075620827829948,0.8985307089731659,0.8644469573628047,Colheita
0.5749292123379263,0.844499241749804,0.009947335819375347,Colheita
0.31078750059904015,0.45888566535552267,0.17237536461819492,Floração
0.2780737360136667,0.6767444205846826,0.19582527844949305,Colheita
0.3138652816210149,0.72877456557648,0.9791714322417318,Vegetativo
0.6427816090772929,0.5984485000696734,0.5474400827886826,Vegetativo
0.48219726031743915,0.38333655778375797,0.13940516217874765,Vegetativo
0.27300469637484703,0.3484767917500322,0.8802249088367181,Vegetativo
0.4512275897711616,0.7495429375495939,0.06992649493551595,Vegetativo
0.9925646622515648,0.6876347880868745,0.15421055421030505,Floração
0.7363975791926699,0.2116577572984637,0.08014663216379503,Colheita
0.9940227858569265,0.93273233412505,0.9384627343619388,Colheita
0.8314968564781116,0.04016881220564561,0.09424786843335697,Floração
0.6400787047421092,0.41472119808863683,0.8198367348472602,Floração
0.8386429015132333,0.2088109978382321,0.26998232986203374,Colheita
0.5402088528955094,0.144602310186002,0.35901395462999575,Floração
0.9977116452263516,0.09921489133205708,0.6163086075392411,Vegetativo
0.03314506452816779,0.5530607696888074,0.10090021968844554,Vegetativo
0.1727457514011419,0.5297005453703107,0.858288281318554,Vegetativo
0.3512996391494445,0.05089682549622854,0.6444778807363825,Vegetativo
0.8696825412469301,0.29006528817711996,0.9581176967602866,Colheita
0.9529229916812824,0.977481567340157,0.982395609218536,Floração
0.2260373851082228,0.25654067151691173,0.5992378767737672,Vegetativo
0.6303960939851867,0.964415905981056,0.4332986410807399,Floração
0.5735495951777032,0.3718472050217736,0.8012928052921864,Vegetativo
0.7954170006283799,0.4476925214899218,0.49378340658079345,Colheita
0.5939600594290275,0.4079108471541255,0.7606416004462263,Vegetativo
0.3016285176661957,0.3896924630592645,0.030124923152154537,Colheita
0.5080875955636134,0.9285629330538852,0.664718781014592,Vegetativo
0.8156514232622349,0.8006472766204333,0.8682324088360317,Floração
0.36629094201312995,0.7753125641319496,0.8197674827585627,Floração
0.10914443715481581,0.9734839995827751,0.43078972024132445,Vegetativo
0.7143189469789464,0.3928455452112465,0.8899941894082863,Vegetativo
0.6175939316337613,0.15701952960835075,0.8007484533283522,Floração
0.6002326197496474,0.4644887085573375,0.5642252712750465,Vegetativo
0.47464357202737184,0.029549475677543624,0.15678141277072244,Floração
0.23284657049687174,0.7536692289131384,0.3582486957164731,Colheita
0.26847914329326017,0.8200130409596627,0.03453743380120777,Floração
0.36154380442650014,0.741783678069432,0.9732496726504156,Vegetativo
0.6656762252541012,0.4609855224591606,0.16492993757938978,Floração
0.9881677604077587,0.5120276534736458,0.3015601007528389,Vegetativo
0.7408783588296051,0.5185193621101921,0.8876944627971871,Vegetativo
0.22022922013919666,0.6272697756162211,0.6546906829408237,Floração
0.1872141279909343,0.5977197067015014,0.5465725403580957,Floração
0.10623949266274246,0.1442892954943743,0.4229265319213906,Colheita
0.673419528295575,0.8015466217426691,0.6574223480643572,Floração
0.5163816842317596,0.7341810185143607,0.7464739888364266,Floração
0.9396007900144228,0.6423546113023412,0.9701868101856985,Floração
0.2715868949600496,0.17485413786867854,0.24630529073275953,Colheita
0.45317887621818276,0.1109794500543394,0.6333958921499732,Colheita
0.4439378364376668,0.7590363786280032,0.4961575661564812,Floração
0.6275853898781523,0.8842230175350315,0.5704496889054945,Vegetativo
0.7190167752883074,0.8651341753481909,0.6567999888789205,Vegetativo
0.9620899985540433,0.17964465845544852,0.8620712633920758,Colheita
0.7601954772751248,0.25439973243857805,0.36777854094211315,Floração
0.3316476332699968,0.27337159139279443,0.7514842007031352,Floração
0.88971072294306,0.8572505142343173,0.2503191775638076,Floração
0.9202077449559288,0.5025025377704176,0.48727473676926514,Colheita
0.6506321175455692,0.3129788450111982,0.8877895147898821,Colheita
0.8641895266191043,0.2762527814201369,0.6043703769335873,Vegetativo
0.9440149423556189,0.5631829457093565,0.8697992926507039,Floração
0.3404966846879326,0.34609009979776584,0.058609753135339226,Vegetativo
0.1825864635711777,0.928439238671444,0.782185348552944,Vegetativo
0.308763227111884,0.5152471038654528,0.6565016295027476,Floração
0.3524313209194585,0.30421707319783375,0.06967323111879264,Floração
0.07669472524517917,0.8368370477601178,0.11943392970163247,Vegetativo
0.7310534056550502,0.9371850976929591,0.15514486440729247,Colheita
0.5625508916285213,0.2715992257227664,0.7510833494549264,Colheita
0.15101049119553023,0.4934990351474132,0.3176835986421126,Floração
0.291522043715842,0.6671157039483677,0.676735238677019,Vegetativo
0.9484761811403257,0.8161744044283897,0.10223077537275116,Floração
0.0155249875481277,0.8023016404752148,0.7928607047435603,Floração
0.4930381375309061,0.5890709450343237,0.6443555285486633,Vegetativo
0.5924264745847279,0.7039749091588112,0.8327107619447865,Floração
0.7094053506813421,0.63058068736454,0.6070465964690862,Colheita
0.008712504916358998,0.3539927811204776,0.4816039648202666,Floração
0.6535535575528144,0.3788879691577195,0.8386999474230881,Colheita
0.9247850325078268,0.12254468501681559,0.9794768423281033,Vegetativo
0.16235726668103745,0.2114703616812853,0.7863880774190273,Vegetativo
0.21190384418726815,0.4728853792647105,0.5804686341738857,Vegetativo
0.6632639245677288,0.5042012692532994,0.07776285607065547,Floração
0.4653207382483304,0.5693264150938053,0.09821026354381257,Floração
0.9534011660374377,0.4735575678796262,0.40634970002548154,Colheita
0.42853858265172784,0.7923325420786864,0.8273436525814359,Colheita
0.7974505184414816,0.9465264722542015,0.3825663397366019,Colheita
0.5850879728754778,0.14825691209027714,0.45996815095249266,Vegetativo
0.847099119802472,0.39958831188490607,0.9570099602782672,Vegetativo
0.18820788495050012,0.9233121448369448,0.14781270126343016,Colheita
0.6300944858008769,0.4634791886610984,0.8999651525101793,Floração
0.9054834209778874,0.29888275665856767,0.7986581836558356,Colheita
0.3311312156732231,0.4080514927022977,0.5198036902158384,Floração
0.4143147627769781,0.8604379850000567,0.853409412712785,Colheita
0.5982338113100122,0.3446437346829534,0.8740968876169559,Vegetativo
0.999000069397892,0.6672653891596676,0.8898205178288081,Floração
0.016446828559294024,0.4117916517431972,0.8045830919684369,Colheita
0.8742624756873374,0.3720031601684559,0.014632489905181845,Colheita
0.6662912271516233,0.8053080721737148,0.3780064730112853,Vegetativo
0.6999186242991075,0.5173805380298112,0.5351516927404086,Vegetativo
0.8638422868431211,0.39123472265401804,0.5764605223545194,Colheita
0.3888911445672275,0.49463866895833963,0.6720286706111045,Vegetativo
0.45790599501394336,0.6383823939183808,0.1058170869420747,Vegetativo
0.6730807548423974,0.7700991466721848,0.48140887742512306,Floração
0.9476843107012712,0.7773263365885446,0.8097732614504427,Colheita
0.5848309836007389,0.7587751287004908,0.47640414490815186,Floração
0.631613263123652,0.911440306931644,0.7090126154777571,Vegetativo
0.13869628127506528,0.564948626098534,0.15000788378852492,Floração
0.5143133811897359,0.031495772326165294,0.28693110008801415,Colheita
0.5556740468925224,0.8717232362058048,0.13651744440709757,Vegetativo
0.21624754439198945,0.4671653669228525,0.5700938350070278,Vegetativo
0.6143250675709151,0.1315226345197401,0.9871011936878288,Vegetativo
0.3705240607951378,0.43118777839645417,0.8250624383957703,Vegetativo
0.8216845598864951,0.42395419478629814,0.15215222025062858,Colheita
0.07218041733757874,0.2783440703350125,0.08030465342926763,Floração
0.05718026838159973,0.9360108049910411,0.2582907651980344,Vegetativo
0.7884841892804512,0.7012570819975666,0.9030683416770854,Vegetativo
0.7462483187177708,0.14273491015435913,0.4063105249445441,Vegetativo
0.9517793711839071,0.052239588988875596,0.5281795234675492,Colheita
0.9438609110506258,0.1317221646757042,0.10956271595632205,Vegetativo
0.3771085042441942,0.3510861267139642,0.7888690747888407,Colheita
0.7366912653219637,0.42125489578918085,0.7972330948181593,Colheita
0.850451341101398,0.11968419392672325,0.5799990550576266,Floração
0.5977235549581212,0.24666326873855438,0.5085380809591229,Colheita
0.9104826544697268,0.44306712809839577,0.9160466823620991,Vegetativo
0.8770046844219118,0.7734127563443699,0.7345960786250478,Colheita
0.2502037066478435,0.12271925674697992,0.6272057657547377,Floração
0.16294505155730865,0.7494997633850002,0.1530478331034043,Floração
0.5664946965695065,0.2024305959248779,0.5272978493455903,Vegetativo
0.852623706483217,0.9886080155045323,0.1374053876943978,Vegetativo
0.3509623802619579,0.29514832842303085,0.6150550653572076,Floração
0.9733752573588742,0.8969524854235646,0.7011032517077459,Colheita
0.05761093606494283,0.9378236084641919,0.3915959494278979,Vegetativo
0.944882922444342,0.9616864299385599,0.4750642735960363,Colheita
0.6652202239534066,0.4391480447106938,0.5900671205096616,Vegetativo
0.3809375655926034,0.5873207325133244,0.34162381143351295,Floração
0.25847452730182596,0.3583756943325842,0.9243731685090234,Colheita
0.4375005158722114,0.8147437986145886,0.6227282215050172,Vegetativo
0.3334007005805587,0.5255564252797874,0.7884865894201143,Floração
0.5631891339991726,0.8747297621901398,0.5693952832006621,Floração
0.4092660852726594,0.9740148925814623,0.5036070959829249,Colheita
0.689667897265638,0.11162682034575167,0.8948139465035342,Colheita
0.08164165658059686,0.2803635512897614,0.6764509312659601,Floração
0.4080974503301882,0.7376361411270355,0.4202635716518748,Vegetativo
0.2734183981784637,0.8819519163428633,0.6538663397760257,Vegetativo
0.3432878332598249,0.9686976612169245,0.8753896169331723,Colheita
0.28818979098124,0.46090414068223906,0.7858990102393354,Vegetativo
0.516131417236759,0.8375709894825223,0.7438161956592618,Vegetativo
0.3485028892343458,0.5605300192868098,0.6342765483101651,Floração
0.3141582959451452,0.646891574588326,0.058635964668963036,Colheita
0.03379873649017784,0.437101056438961,0.5992393082992674,Vegetativo
0.8542582892702858,0.9242115313290344,0.3477453896294753,Floração
0.8038366595499372,0.8614694161673554,0.2824735928811656,Floração
0.42181390749284486,0.026536710466054103,0.06603068000684764,Colheita
0.26459037763367765,0.02548076146439826,0.8272027109481869,Colheita
0.6218546456390797,0.497936043920869,0.44867427502977797,Vegetativo
0.0007028834957114594,0.43897621383845753,0.5648682693987144,Vegetativo
0.44679759109252826,0.15031066498578882,0.46205022678842655,Colheita
0.2822992112236048,0.9342694321247013,0.4748984429241946,Vegetativo
0.9391653966793304,0.8113920271196469,0.4964355218047365,Vegetativo
0.5536296452941288,0.5285818371926957,0.6162157130532623,Colheita
0.4336217947954457,0.7994904214178344,0.8855114260660837,Vegetativo
0.6371557701491066,0.25765172404559644,0.2587800677023847,Vegetativo
0.0024398416347920504,0.03563112749489006,0.5017367178949096,Floração
0.5205717779734499,0.637430718169396,0.582917885812041,Colheita
0.7780953497110055,0.13169383986902294,0.4095977365621646,Colheita
0.46067877805579305,0.7005596919286712,0.9123607889582313,Colheita
0.6910920497508983,0.8899760553226259,0.523898132063292,Colheita
0.8474833979810309,0.8444354297236822,0.10967025313896184,Floração
0.8361554686401046,0.5012321480184088,0.09899028477919247,Vegetativo
0.8044821798241378,0.5139742901444033,0.04893419763779561,Colheita
0.30337043569757927,0.3803113119333529,0.8784707637809617,Vegetativo
0.6419283918978441,0.24494716657813576,0.2168301997724078,Vegetativo
0.10443669517863563,0.6066565750247483,0.7999942517900465,Vegetativo
0.770997493874277,0.12761028500794558,0.37966600584532295,Colheita
0.3166621322088248,0.015356346741371096,0.9502208584687933,Colheita
0.344605944694796,0.5185897335975806,0.1178191037426386,Floração
0.25817556889258564,0.950114674018967,0.5394184417881147,Colheita
0.26241120820697006,0.04853661925368158,0.6881867701350822,Vegetativo
0.4851017219636261,0.7496968714479458,0.626918270630812,Vegetativo
0.8981277244583536,0.06007205919331893,0.33362005651330917,Colheita
0.1370858513511234,0.9212201905993359,0.44422978473393226,Floração
0.7884046380590117,0.887053531040355,0.3476285000710895,Floração
0.8180907892771343,0.6296620822119877,0.39534214142145707,Floração
0.5636686582501267,0.9305822629404995,0.42748099747167323,Floração
0.7526967460030292,0.39242489648599355,0.10689539811787785,Colheita
0.3741790616403313,0.9277610420379254,0.8762990764081612,Floração
0.4953354278366233,0.9842728486078468,0.9120344730918998,Vegetativo
0.4016625725879074,0.19346916162433758,0.36382873761209966,Floração
0.869589520036063,0.18649620777918474,0.4038475204787727,Floração
0.24631526081357213,0.48520355591335496,0.6392316459257021,Vegetativo
0.1562662111714671,0.08495567414935234,0.8693218141545681,Floração
0.20764695172758085,0.3716753972337329,0.21714278164415324,Vegetativo
0.1122218208942245,0.5793761322821037,0.9737999789486572,Floração
0.11265861525483833,0.9679048997327304,0.4488889371039909,Vegetativo
0.7961743861496312,0.12663471833054196,0.3443849966529372,Vegetativo
0.22851158090036472,0.23188792597178776,0.8218927762704111,Colheita
0.6126445083077069,0.7581053995251247,0.5351182462856624,Vegetativo
0.9941878541476056,0.3550409191481514,0.7534081794702653,Vegetativo
0.5054366647259618,0.6031268647816146,0.18045839093925975,Colheita
0.6228007570377228,0.15596087357147248,0.8622436687815525,Vegetativo
0.40010482187647245,0.881921880188807,0.7587992303803114,Floração
0.30945537197068507,0.8749218356412192,0.39114898446121427,Vegetativo
0.8843100307080687,0.48375418815031324,0.7940015484019273,Colheita
0.6207294191303827,0.989014533126102,0.1642775904768794,Floração
0.45749471033617073,0.37865073566164154,0.15996698398230558,Floração
0.30971743382539785,0.7062540986260227,0.5896386714683465,Floração
0.8286207610477754,0.5629108109426381,0.06121247412538455,Floração
0.6973943471200212,0.6378402827468461,0.7251985896652934,Colheita
0.7559866936669706,0.03881117957744562,0.04181794295830499,Vegetativo
0.40788995024466634,0.6349554578297575,0.6908920020084575,Vegetativo
0.2713354715086369,0.08653454247294812,0.09953905484495118,Vegetativo
0.9409033765823435,0.9759722924358302,0.9181410761994279,Colheita
0.11962098667652543,0.5603046333662418,0.9256747220165283,Vegetativo
0.8274132069771793,0.32525789248194925,0.31742254156570293,Floração
0.3994162338290096,0.5022672413719149,0.578789202521107,Floração
0.18484150544749023,0.9757225200958718,0.8143290286072562,Vegetativo
0.025414380544094617,0.4550229986788954,0.7177007250629596,Colheita
0.6695201916478113,0.9536620314992864,0.9686594694385394,Vegetativo
0.6599718571987022,0.3604713472044184,0.24976250500468522,Vegetativo
0.8611702859828724,0.8111311607738271,0.44732395636607336,Vegetativo
0.8003902046286403,0.47023367964903273,0.0057380612941889675,Floração
0.07594210218545672,0.5197309713486213,0.37330279405382727,Vegetativo
0.5119558022883841,0.8313894476051608,0.03133973375255927,Floração
0.7739347346744576,0.7869812725921002,0.906542682211504,Floração
0.004224155421496012,0.6328820419737297,0.563690853093302,Colheita
0.08600799087704136,0.45906908414855696,0.8209299529446685,Floração
0.469059015218226,0.7147934412834244,0.6708421398972175,Vegetativo
0.4203219455898378,0.622875452792885,0.8870575335366598,Floração
0.7321059801010336,0.2416782099647844,0.5047401368479663,Floração
0.060302674181215266,0.6216287865619937,0.8069232869961228,Colheita
0.5839986484625458,0.7803977253469196,0.0948428970196753,Colheita
0.33725840185002864,0.9891875795505248,0.22901636457720864,Vegetativo
0.2367961617644989,0.03643776629196305,0.3658941616688024,Vegetativo
0.5271017632359352,0.3672896706877542,0.8248784115339111,Vegetativo
0.6729378601915167,0.13418613857839534,0.4731221729634645,Colheita
0.3212821393695875,0.07910558552019775,0.15362710571128324,Vegetativo
0.9872524163214255,0.6484376912989713,0.8475415499350704,Colheita
0.3229814533915232,0.9854067038614858,0.8991987918957451,Floração
0.7842514702303676,0.7692583235519614,0.353873706513422,Colheita
0.3606602409665901,0.9615490948396145,0.3494063216503063,Colheita
0.38178671252511187,0.8157699366366533,0.6584171623919219,Floração
0.05918839521369146,0.03644982574916433,0.70733994957816,Vegetativo
0.2325336458766477,0.5391215905289215,0.8785819853947537,Floração
0.31371229049739113,0.8503198713525941,0.08860189331708901,Floração
0.5222677285886902,0.03505566071850097,0.9014100211541198,Colheita
0.653196889353398,0.6727712393685348,0.16266404323507766,Colheita
0.1949861829432331,0.9655933145448872,0.6877658519316305,Floração
0.168471189634548,0.10460316788423729,0.29593460287851747,Floração
0.52446218547167,0.8080495541001782,0.6919262953959016,Floração
0.7597332957241364,0.0648308291250117,0.3951898533150773,Vegetativo
0.8760124188699374,0.8995716190174502,0.8917001228538592,Colheita
0.0063620537343205275,0.32202485319273466,0.5476938270457548,Colheita
0.522757341516073,0.9963630525459961,0.6270779024652264,Floração
0.6647680313197187,0.03377058912581099,0.3923754166715262,Vegetativo
0.9140289773201051,0.8800218547252782,0.9116312284011588,Floração
0.9946344373971439,0.2690448802787906,0.24667626185574754,Vegetativo
0.3132293093767998,0.49829376274677273,0.39431881106691735,Floração
0.7530009506463826,0.33967554761924446,0.9785298329964359,Colheita
0.8589536880670532,0.36982448790650024,0.8122235454447488,Colheita
0.2869845309885909,0.1658693385193093,0.09266821870963127,Vegetativo
0.8402278733778399,0.9098561482104631,0.0786707166235775,Vegetativo
0.19477878081393896,0.1716452016413167,0.9982261381715551,Vegetativo
0.055022357644661235,0.14556604053499944,0.3787362966525527,Colheita
0.8536964305148046,0.3167951971216235,0.7097159923837736,Vegetativo
0.8752885926553245,0.03323831324223103,0.49337513964247126,Colheita
0.8332012962138431,0.21730788345620755,0.23872712602222634,Floração
0.05072275510983615,0.4847985017931977,0.9515147744860823,Floração
0.9941208150821114,0.49975242903739925,0.5066058043746007,Vegetativo
0.18119107496254117,0.27121077322946896,0.6252720508914773,Floração
0.2784223481263187,0.5207551034829678,0.8552613064164287,Colheita
0.13769198859245224,0.1252179957750451,0.4688985371805884,Vegetativo
0.530831483385251,0.7744075071332679,0.7319493928631992,Floração
0.6194315671837275,0.10902207285641075,0.14198678144289512,Colheita
0.6683040068036776,0.9200945028359305,0.049331534428797896,Floração
0.4036127256531894,0.5140536086084625,0.9965589387750079,Vegetativo
0.18898822596721088,0.17527717777523633,0.8269664745746494,Floração
0.5075699899997838,0.1229229474746053,0.8745455499266814,Floração
0.8860732196308603,0.8568837636149417,0.7267801794194058,Floração
0.1935243808448538,0.20091910121588363,0.37620816413770364,Floração
0.953864501403058,0.45157097371559773,0.47940917475007216,Vegetativo
0.7928837022381716,0.5448530434895752,0.18001926435359838,Vegetativo
0.12636309776364607,0.6241370560846313,0.9251150413265062,Colheita
0.6503420466734621,0.4043439438301547,0.4574690765702111,Colheita
0.9311831119864693,0.8734184583385292,0.5359496383707987,Vegetativo
0.047928016781337845,0.9232195598848478,0.31047138392969076,Vegetativo
0.2931172116927955,0.9046411094802359,0.6370474101703288,Vegetativo
0.16108996798249453,0.7681124127377059,0.39409496785760945,Floração
0.12257897532530382,0.27957390012355,0.38827366551368303,Floração
0.05790095289683017,0.521652839724421,0.6539633153374045,Floração
0.44535077594237016,0.07875320165018929,0.9924925402586613,Floração
0.9876716537402946,0.13231652324042031,0.7038223782018981,Vegetativo
0.14817761365961957,0.3638331840923328,0.8972463671937794,Colheita
0.7375022672255177,0.17808541136883427,0.6613988140177082,Colheita
0.09684632330134779,0.5697157855971662,0.3402433064386444,Floração
0.5008351366588257,0.27288739481350655,0.9885222291845983,Vegetativo
0.10852189525068467,0.8186287862477948,0.5476806261497852,Vegetativo
0.22123705027648755,0.18814730478754094,0.6695336138694686,Vegetativo
0.3847317449700639,0.08488398811056574,0.4916514638008359,Colheita
0.8933937474807152,0.32233855310977033,0.6407668638624429,Floração
0.08578597797410825,0.7484761911601898,0.010394541676346902,Colheita
0.7047963693452196,0.17268767891967762,0.8792211753453836,Vegetativo
0.5151318625249858,0.16550514936320282,0.4030898678738444,Vegetativo
0.08345313519705144,0.3549628230759446,0.8702968188823463,Vegetativo
0.6590955541148767,0.06877774519614888,0.670875191717341,Vegetativo
0.841483629139527,0.9123908579462507,0.39454873888735764,Vegetativo
0.4648272895143952,0.5242638429782043,0.49023800247407234,Floração
0.3307009039961002,0.10170790410178376,0.14042171094835965,Vegetativo
0.69619079894748,0.7170330386225795,0.9967859713430954,Vegetativo
0.687476353942335,0.3091899239480038,0.558023144235442,Vegetativo
0.9073842488253395,0.6483052092592655,0.4004678794057619,Vegetativo
0.6277602413495994,0.35285507660920534,0.33168331621203906,Vegetativo
0.10075172383492537,0.4905130587993609,0.2996126745406892,Vegetativo
0.68490046594268,0.957730057937276,0.9172051944149014,Vegetativo
0.4393645939205013,0.30518570900469366,0.33687384707180523,Vegetativo
0.5326170574599537,0.49397525277207444,0.02508925702368281,Colheita
0.046440408016438894,0.22821123626794992,0.09648296161293668,Vegetativo
0.23645006163801385,0.3625021414093823,0.15112026052230332,Colheita
0.5277078405256169,0.5995087488979765,0.9078268495606626,Vegetativo
0.25880546573619223,0.4176266846238995,0.31312358979340893,Floração
0.30776970204294696,0.9959941612898089,0.4513370478833998,Colheita
0.3948787745377319,0.47885103986155486,0.23372264475626736,Colheita
0.3476882724120568,0.92057450747351,0.940629678707715,Vegetativo
0.31578106054816735,0.8898974954864519,0.02609398147914721,Vegetativo
0.874246685623402,0.2124628855525571,0.4225431892026795,Colheita
0.6092714422413952,0.6170130826371771,0.6012996972443997,Vegetativo
0.40323180646210754,0.5352376699967046,0.3340773211252621,Vegetativo
0.0024758535705471374,0.20181032925967834,0.8269009002571664,Colheita
0.6102165470509033,0.2677015975422924,0.8101208970351459,Colheita
0.15585697791268938,0.8516598983422359,0.9914788184098993,Floração
0.6689987230864487,0.07515571290516143,0.9298868944999544,Floração
0.48012607565925647,0.4882400196975818,0.21342830822297387,Colheita
0.26114429872596134,0.6162350370191462,0.9101351388891713,Vegetativo
0.6301504469095908,0.1569074532085446,0.24078831095702768,Vegetativo
0.8392382467177644,0.5888836254254795,0.1863668283469221,Vegetativo
0.2031346701614799,0.8994087981408806,0.4933913659654624,Colheita
0.5094841130011021,0.33671926989645407,0.3168994805967995,Floração
0.946220121535127,0.1438788055234792,0.33128223839382787,Colheita
0.8047148954602527,0.8585529948133228,0.2357644331733717,Vegetativo
0.04165614967488818,0.4701700754194317,0.18476741566291333,Vegetativo
0.6719788288772854,0.7744956092473049,0.30401859478559456,Colheita
0.957818801289073,0.40128926166213674,0.27406108379663074,Colheita
0.1799107450753884,0.3797192974646254,0.03365893146974408,Floração
0.32072938508727145,0.31472378246998733,0.01080340047080286,Vegetativo
0.09011035824710545,0.4031963784821513,0.2538754419974686,Floração
0.2526722360897288,0.7179738377138978,0.7385907368150828,Colheita
0.9664768081409688,0.7421438316006318,0.8935830848508711,Floração
0.10678724699500353,0.06235154246361918,0.5355698661806136,Floração
0.4093242279602646,0.4710863185580969,0.0225350200205906,Floração
0.35346870407330677,0.288298054771401,0.6689166403112171,Vegetativo
0.8495738053783772,0.1614492129600137,0.4454841844255317,Colheita
0.30479233896804947,0.08308408437518344,0.06287379198716314,Colheita
0.35371302791544335,0.5450856688469725,0.18624711536897764,Floração
0.6459175339102181,0.12914123014920453,0.854832405576,Colheita
0.1613805192597969,0.82426917828645,0.7161046219839956,Colheita
0.2851370051263248,0.8368422673113016,0.16684735474754653,Vegetativo
0.87239487145884,0.8831934417318328,0.4341955770822704,Colheita
0.9538895832584943,0.3092251896083449,0.9789261244079867,Vegetativo
0.515132665430171,0.0720441870174684,0.40483912397014676,Colheita
0.0054652323749375675,0.8525083041100187,0.8511772662168328,Floração
0.8260521636777705,0.3723726947574705,0.8948252207276056,Floração
0.4003275534460533,0.24078552257194374,0.10295752731683094,Colheita
0.6607132878009546,0.434048395792876,0.1615669914751111,Floração
0.7780375708013986,0.7291600769689804,0.10254615358660102,Floração
0.8280623802609839,0.018547108992547634,0.7461646859121058,Colheita
0.2062505335884327,0.9035269167349066,0.6500784774507548,Vegetativo
0.5698180597559579,0.6003395653656345,0.40606004320837774,Colheita
0.9541352572121461,0.5646350876015107,0.6621036030261948,Vegetativo
0.8460763085486971,0.7660039305942107,0.5390673362189898,Colheita
0.8280330416751366,0.29487619814099,0.9959991227699962,Floração
0.9504019914132578,0.3672733419993265,0.2790738582998479,Colheita
0.9202691896977592,0.12856734797413172,0.6295322399619464,Colheita
0.6256414736589242,0.4692548058326388,0.8662396283926833,Vegetativo
0.9048432612736053,0.4744019321719468,0.3927009896573116,Floração
0.6126900229809464,0.26138830087970255,0.5978908267893308,Colheita
0.13795535358709965,0.30640981738064643,0.6888186999477527,Floração
0.9916822088461488,0.578662698614813,0.11109080220304013,Colheita
0.993372775367757,0.6378562992919166,0.32812568927784547,Colheita
0.18979274206781382,0.1946754231224812,0.14560288697440993,Floração
0.0625398396472806,0.6532251206838829,0.6983482367931263,Floração
0.34734419435006625,0.308589619855581,0.19354634272604887,Vegetativo
0.8302119455626346,0.2430598513446075,0.2516032249451673,Floração
0.16883655191007907,0.712487799515315,0.6334392259655761,Floração
0.7780325513735156,0.3968046649775524,0.9368719782081769,Floração
0.9001679814364975,0.449758537206279,0.21031672048122352,Vegetativo
0.3131246722460346,0.7232024108573485,0.02484202711618244,Floração
0.14040332597038163,0.2529376370601978,0.07320786166335347,Colheita
0.33373100162217695,0.9784185004902527,0.4506176922692462,Colheita
0.7650499127821813,0.1777426602325043,0.5054039761126026,Vegetativo
0.5807065661178066,0.28750371708892564,0.4581525921041788,Floração
0.011977537995769838,0.800074586121822,0.7646856880820966,Floração
0.2725774342312275,0.6491881744578724,0.35551188080478024,Colheita
0.24201688252959175,0.56737923824264,0.9080432743075899,Colheita
0.006815280843331495,0.07757866070130137,0.6623182879884845,Vegetativo
0.021333547745097436,0.5723380006445401,0.7817688184991989,Vegetativo
0.10331315833385724,0.77546768523923,0.9352752990549722,Vegetativo
0.048708591452491845,0.6861948919644352,0.6606447691048886,Floração
0.015778416038983778,0.8002912101707239,0.5894660842003339,Floração
0.2708913891889485,0.21029546813912925,0.6851689093256214,Vegetativo
0.938228957169274,0.13922252891178133,0.2948992306772469,Floração
0.31912997817322675,0.23278722047311962,0.9382720756312626,Colheita
0.12307430880676329,0.3647918326844105,0.3575873488233573,Vegetativo
0.012623659641679663,0.3754786332214788,0.6203962493901677,Vegetativo
0.8072167677260065,0.06758752053669903,0.7413337037458735,Colheita
0.6255210651241424,0.4273271130351025,0.2995711485488963,Vegetativo
0.35018837253991797,0.7322439589791785,0.5786443590280752,Vegetativo
0.8742909084136028,0.4738100237521403,0.028492624573148162,Floração
0.3487096254345835,0.3480273343943968,0.9021166133213688,Colheita
0.456075502832179,0.544949244913689,0.24786637511870746,Colheita
0.29184561091183303,0.8302857322082895,0.9606789094905923,Colheita
0.03378129676349795,0.5765041666693284,0.0869361015658141,Colheita
0.06481719820897558,0.8465426381591126,0.9383752321009222,Floração
0.015566359861232226,0.041529598992686934,0.6026665464700269,Colheita
0.2678873029951332,0.6920832694743074,0.3370921855587736,Floração
0.15431625216330958,0.19347854261425523,0.43763185231791235,Colheita
0.3391804133270878,0.14637994356201245,0.8611497307505163,Vegetativo
0.10270659308771202,0.573569740297475,0.2776285682270563,Floração
0.8164824276309426,0.8919198650939604,0.6058821099912479,Colheita
0.06416212184374182,0.6192264562055271,0.33496473626508727,Floração
0.21750739000538,0.8252484860389245,0.25486695537931303,Vegetativo
0.034753689433086876,0.5221860057904223,0.45734643216247484,Colheita
0.7497456476323122,0.33286637409642383,0.9735384396473201,Colheita
0.6694998238251839,0.08417023924473432,0.4845604044545776,Floração
0.4187455450192338,0.9325476114240895,0.710996181830006,Vegetativo
0.7062981627107512,0.7155521883723411,0.4816118436300225,Colheita
0.9753290488669372,0.8921656261902794,0.3499900280801741,Vegetativo
0.5935152826134258,0.22669161290900963,0.9751256392294138,Floração
0.8240756668807657,0.30505043974246504,0.23096499329317544,Colheita
0.2009043586194431,0.33909735576773326,0.11957794609148698,Colheita
0.042579438179850326,0.776828185825289,0.30562293891438663,Colheita
0.01716914663514768,0.2566677808414305,0.9900360476648256,Vegetativo
0.2688204486098853,0.14456720999472517,0.5684408346563593,Floração
0.597426998798678,0.6929553372147843,0.5975932274329364,Vegetativo
0.5746692078659958,0.358315809071471,0.17050873290584767,Floração
0.11646456328520793,0.33657617920120364,0.2535776848629119,Vegetativo
0.3874423804888276,0.7762112839517931,0.8516029844577544,Floração
0.10516170915412293,0.38613657493362163,0.8156472056062978,Floração
0.18621141391219842,0.04725348771186677,0.4602628994729957,Vegetativo
0.5981529067871242,0.2315502613996896,0.6828755519351793,Vegetativo
0.8820848222299482,0.03581502302220407,0.4715283185873157,Floração
0.3909035334074149,0.14924106586044195,0.17918372537077354,Floração
0.9338422169770221,0.9731986357031814,0.37862629850679685,Colheita
0.15085959631878065,0.03851241658491522,0.7636447478799407,Colheita
0.9705609307078031,0.18835982908440152,0.9666560724592678,Vegetativo
0.22724043469695987,0.17101251608896328,0.2932190627977337,Colheita
0.8621581021720768,0.5522091667333074,0.09130186643858629,Vegetativo
0.9348353920794873,0.07774805536499019,0.20526113350495423,Vegetativo
0.5730686813504747,0.3381617986907042,0.5105018227921987,Vegetativo
0.8431485995428455,0.8016679524229022,0.28290870851874406,Colheita
0.28385875988916187,0.8618941570626161,0.23094833417232974,Colheita
0.48149551660978274,0.4383294972241554,0.6292097989042168,Floração
0.9938436268275165,0.7893758971252599,0.15940119611043835,Colheita
0.32212179859125734,0.5921797974431103,0.16524820318133782,Floração
0.36461406210162817,0.34805304624118083,0.33502904486977514,Floração
0.8314456059607007,0.8254328438277413,0.7774805827112742,Colheita
0.019116274595962324,0.6273480893946598,0.06478113352291315,Floração
0.4441860478091395,0.7364977284321683,0.01008932417026498,Colheita
0.5960141125473128,0.07176373698160765,0.02623980304828044,Colheita
0.8254407899503293,0.06560819144458552,0.2569927394685526,Colheita
0.2880951871616585,0.44000074193939287,0.3163855173297504,Floração
0.21825889577058377,0.6868037285670515,0.06122196009688652,Colheita
0.5934697017854882,0.6846903593412415,0.6406481058966575,Colheita
0.866263949540122,0.740001790774278,0.5453420548699703,Vegetativo
0.9761726943501792,0.8576870135957195,0.2707585693423703,Floração
0.6794929732334677,0.22652711314118823,0.18359123586002057,Vegetativo
0.30413678045720716,0.14442249830720622,0.15350869988854954,Colheita
0.40414798094979654,0.6538954910868444,0.8617554077728543,Colheita
0.705545761418855,0.7781043617776268,0.04512623588343834,Colheita
0.7123494265126032,0.9579405467334736,0.5170746081877832,Floração
0.00760764361609878,0.36091047862950554,0.9844356214503494,Colheita
0.934946016952082,0.8047247970539398,0.18354789812519612,Colheita
0.9953646833149932,0.26671264724449073,0.4333004687155413,Floração
0.13960415347545052,0.2895600132609957,0.722894051133227,Colheita
0.8881139560776489,0.06191144933185411,0.546201686743158,Vegetativo
0.7353424822468334,0.4477785483817366,0.4449118468337375,Floração
0.10836989390675622,0.6431317964126325,0.1885979406026428,Colheita
0.13442945846076293,0.24800972585942505,0.23875340137823908,Colheita
0.45848983149669753,0.06623412716064914,0.825430445855739,Vegetativo
0.7554947079653813,0.2904377663632913,0.17459601659381918,Floração
0.08023263268158187,0.8259291977220862,0.27434832736799586,Colheita
0.16111093708632773,0.9400960516155001,0.7355434507489326,Colheita
0.11011225244214451,0.2607007675448352,0.39936739397979604,Colheita
0.3123867847490297,0.5003447513472133,0.26042589012489914,Floração
0.833705506618923,0.9300551241003677,0.8016179429937988,Vegetativo
0.8802951929111646,0.1890454159398839,0.14691338059825787,Colheita
0.46427875084306425,0.09557998530739054,0.3514157188622886,Floração
0.46320155224945614,0.9217712340336839,0.4942383395712028,Floração
0.31003234717711314,0.7926500248348191,0.11991153723800763,Floração
0.40094785894526785,0.9644674848676525,0.07497614025604526,Vegetativo
0.3869066958756209,0.20002955821660418,0.5851411077371442,Floração
0.17891099221424223,0.4016617416961038,0.18882555661157063,Colheita
0.36639564582365014,0.10215755556482764,0.10358219941177471,Colheita
0.025333508646935954,0.4082245206008942,0.04774587880330439,Floração
0.78321099341146,0.26469404911259575,0.24183833259910437,Floração
0.13227127518208726,0.5430564746691275,0.30219594405945527,Vegetativo
0.8878086775522929,0.3965180089812467,0.004684216620077231,Colheita
0.28602126542464046,0.7594565830537503,0.25146228009563876,Colheita
0.9935051665234103,0.19584336863106877,0.27372857031457376,Colheita
0.17611882238724585,0.9765673794377847,0.9967278227089662,Vegetativo
0.7651067574501171,0.26032806826545707,0.0955422695645739,Vegetativo
0.26719748606548943,0.1524003164764436,0.6597745402322054,Floração
0.1047938740684281,0.6581370961982018,0.18707315538497615,Vegetativo
0.9435296487370219,0.9730006573243061,0.8292018414700024,Vegetativo
0.6868784792375306,0.7481979591310692,0.3520221580848836,Floração
0.010549896369752676,0.6781357165746508,0.3837026356838531,Vegetativo
0.3198318764594563,0.11880477310281079,0.07211963739442684,Colheita
0.21828850851455983,0.9783208917691261,0.361986463413704,Floração
0.6195473440555059,0.7215104141121785,0.2610935140527515,Floração
0.9294954100935608,0.5123998731617667,0.6105171089778915,Colheita
0.2763982565903559,0.2786301477636238,0.12626511227993809,Colheita
0.4525370636513394,0.1081477703663829,0.637119670533562,Vegetativo
0.4947167272644636,0.8336453650800362,0.7752237237928528,Floração
0.6962432607364744,0.787413455997284,0.6572981662309043,Colheita
0.6456452357087552,0.4236601385282369,0.8888948117933796,Floração
0.5425503842810592,0.3327498533941151,0.35843973907806514,Vegetativo
0.5566782473262571,0.14261141442715108,0.34355895747509557,Floração
0.42709830204193333,0.046286335015152225,0.3672465062164636,Vegetativo
0.7690658805322238,0.8675345777630797,0.3407099042020807,Floração
0.200615130872968,0.7104535506972764,0.04072796146028912,Colheita
0.4156685933932993,0.5115784858688504,0.02160649772072598,Colheita
0.07698588395022066,0.15603838081628474,0.18452082297281758,Colheita
0.4150714406083207,0.278849277471078,0.011138155266856797,Floração
0.25561118602880706,0.0033817277237288,0.9875052551096328,Colheita
0.6485700462687991,0.7316804199370164,0.41000115117541946,Floração
0.17344771647841217,0.6789064650447728,0.500413975551099,Colheita
0.28940672057585026,0.1922941537203603,0.11836531742063527,Colheita
0.7829406964116286,0.3161607978874714,0.891483689504115,Colheita
0.06235486314441907,0.24835964798896915,0.44070153004626045,Floração
0.8472692459438587,0.9876129670325593,0.9220197647525282,Vegetativo
0.4973483319634949,0.3505635239474447,0.26432331848699964,Vegetativo
0.2804368552129085,0.25063764045396975,0.029499566932155274,Floração
0.5790417774562534,0.08356204109644128,0.021025176899791664,Floração
0.6529937827295351,0.4599589535041364,0.31756968203751823,Colheita
0.8056373369868953,0.43307434000032874,0.46856927104568125,Colheita
0.5183627999722129,0.6739500792755131,0.43849629305768134,Vegetativo
0.602086466125764,0.4889994747342009,0.07125833277684257,Floração
0.0014039332793447379,0.5928206521879116,0.45306213764463543,Floração
0.9764197889740152,0.1902801154224859,0.026467095627996096,Colheita
0.12952767598220993,0.7719856191468266,0.7461675528392953,Colheita
0.015761095640833056,0.4297475127967001,0.4705625238487181,Colheita
0.6471904431140366,0.2714612027458103,0.6909437960812087,Vegetativo
0.3926710437634562,0.043650829064191266,0.02508627395211993,Vegetativo
0.060068553904450095,0.3710010876763816,0.2672128310390679,Vegetativo
0.44366828219387844,0.7615281730116349,0.23551092482907265,Colheita
0.3682847043084607,0.04916926908737074,0.8586295151271695,Colheita
0.8033640031484719,0.6463236984687148,0.5643109903203489,Vegetativo
0.6922857671507076,0.8511188684677896,0.13123335319416074,Vegetativo
0.5807272298034388,0.716805248179968,0.976688385888487,Colheita
0.9004431249569365,0.7563632618056209,0.8690350445047029,Floração
0.7630195632392583,0.6712673808077532,0.47393601991926315,Vegetativo
0.8392693599015657,0.030483106476731026,0.9303923930856569,Colheita
0.14918340240285133,0.7875966588700877,0.9905854703926014,Vegetativo
0.051067393568821284,0.7280915744725271,0.14111834595006567,Floração
0.3708703876193904,0.9530675170272179,0.6298273932723273,Vegetativo
0.6446113056147617,0.8081174242083629,0.4839101139457874,Vegetativo
0.5540044988401623,0.7300568513348429,0.5863545172526778,Floração
0.2127578649652342,0.9765733764094418,0.045390483667258175,Colheita
0.31016228786396904,0.5635429241726438,0.41459765279423455,Floração
0.3212435335662438,0.6063264196142392,0.943153134141319,Vegetativo
0.9279685202480642,0.55236012256611,0.9418824489109512,Colheita
0.4408794725513653,0.4249165968503654,0.8532545864019192,Floração
0.44014013683827413,0.7896657191710728,0.19396786898426188,Colheita
0.4872365575324148,0.6470614112403229,0.3448740233083595,Vegetativo
0.24873939062789063,0.31791653102194717,0.7443557702896192,Vegetativo
0.0207893695325726,0.05234844196840793,0.4071079220088658,Floração
0.8655569456499568,0.6095819150006528,0.31321112806030416,Colheita
0.29839687869898746,0.8708512677777005,0.3119626510097152,Vegetativo
0.9806251870346475,0.05576131150655206,0.7681722457224723,Colheita
0.2412393112460085,0.9454739515850442,0.35839317119864667,Floração
